ImageID,Source,LabelName,Confidence,XMin,XMax,YMin,YMax,IsOccluded,IsTruncated,IsGroupOf,IsDepiction,IsInside,XClick1X,XClick2X,XClick3X,XClick4X,XClick1Y,XClick2Y,XClick3Y,XClick4Y
0000b9fcba019d36,xclick,/m/0b_rs,1,0.0,0.99875,0.0,0.998333,1,1,0,0,0,0.0,0.99875,0.99875,0.99875,0.998333,0.0,0.0,0.0
0000b9fcba019d36,xclick,/m/0bt9lr,1,0.165,0.90375,0.268333,0.998333,1,1,0,0,0,0.63625,0.90375,0.74875,0.165,0.268333,0.506667,0.998333,0.661667
0000cb13febe0138,xclick,/m/0bt9lr,1,0.0,0.651875,0.0,0.999062,1,1,0,0,0,0.3125,0.0,0.3175,0.651875,0.0,0.410882,0.999062,0.999062
0000de486dc6c49f,xclick,/m/01yrx,1,0.019608,0.998366,0.02451,0.977124,1,1,0,0,0,0.617647,0.998366,0.133987,0.019608,0.02451,0.449346,0.977124,0.446078
0001be3e7d78372e,xclick,/m/015p6,1,0.456875,0.841875,0.441667,0.746667,1,0,0,0,0,0.8175,0.841875,0.610625,0.456875,0.441667,0.454167,0.746667,0.590833
000256419f7c57d8,xclick,/m/01g317,1,0.029375,0.1975,0.390833,0.67,1,0,0,0,0,0.1325,0.1975,0.104375,0.029375,0.390833,0.531667,0.67,0.484167
000256419f7c57d8,xclick,/m/01g317,1,0.46,0.52875,0.346667,0.526667,1,0,0,0,0,0.4975,0.52875,0.488125,0.46,0.346667,0.471667,0.526667,0.478333
000256419f7c57d8,xclick,/m/01g317,1,0.55375,0.618125,0.373333,0.645833,1,0,0,0,0,0.580625,0.55375,0.585,0.618125,0.373333,0.465,0.645833,0.485833
000256419f7c57d8,xclick,/m/01g317,1,0.646875,0.693125,0.379167,0.626667,1,0,0,0,0,0.6675,0.6675,0.646875,0.693125,0.626667,0.379167,0.471667,0.525
000256419f7c57d8,xclick,/m/01g317,1,0.706875,0.72625,0.403333,0.455,0,0,0,0,0,0.711875,0.706875,0.715625,0.72625,0.403333,0.42,0.455,0.434167
000256419f7c57d8,xclick,/m/01g317,1,0.75625,0.805625,0.3825,0.566667,1,0,0,0,0,0.7775,0.75625,0.78875,0.805625,0.3825,0.46,0.566667,0.4325
000256419f7c57d8,xclick,/m/01g317,1,0.841875,0.86,0.408333,0.465,0,0,0,0,0,0.853125,0.841875,0.846875,0.86,0.408333,0.434167,0.465,0.423333
000256419f7c57d8,xclick,/m/01g317,1,0.86125,0.913125,0.406667,0.57,1,0,0,0,0,0.885625,0.86125,0.881875,0.913125,0.406667,0.47,0.57,0.4525
000256419f7c57d8,xclick,/m/01g317,1,0.926875,0.97375,0.3875,0.550833,1,0,0,0,0,0.926875,0.94625,0.956875,0.97375,0.475,0.3875,0.550833,0.485833
000256419f7c57d8,xclick,/m/07j7r,1,0.005625,0.56625,0.0,0.515,0,0,0,0,0,0.005625,0.071875,0.56625,0.338125,0.260833,0.0,0.2225,0.515
000256419f7c57d8,xclick,/m/07j7r,1,0.5825,0.900625,0.0,0.4675,0,0,1,0,0,0.5825,0.893125,0.900625,0.75375,0.188333,0.0,0.094167,0.4675
000256419f7c57d8,xclick,/m/07j7r,1,0.890625,0.999375,0.0,0.41,0,0,0,0,0,0.999375,0.890625,0.919375,0.945,0.325833,0.348333,0.41,0.0
000256419f7c57d8,xclick,/m/0bt9lr,1,0.190625,0.30125,0.53,0.65,1,0,0,0,0,0.290625,0.30125,0.27375,0.190625,0.53,0.549167,0.65,0.603333
000256419f7c57d8,xclick,/m/0bt9lr,1,0.45,0.5625,0.485833,0.598333,1,0,0,0,0,0.541875,0.5625,0.45,0.500625,0.485833,0.491667,0.543333,0.598333
000256419f7c57d8,xclick,/m/0bt9lr,1,0.55875,0.615625,0.515,0.5925,1,0,0,0,0,0.576875,0.55875,0.615625,0.574375,0.515,0.55,0.584167,0.5925
000256419f7c57d8,xclick,/m/0bt9lr,1,0.68375,0.71125,0.496667,0.5825,1,0,0,0,0,0.694375,0.71125,0.685,0.68375,0.496667,0.5275,0.551667,0.5825
000256419f7c57d8,xclick,/m/0bt9lr,1,0.7175,0.75,0.4775,0.551667,1,0,0,0,0,0.731875,0.7175,0.75,0.72125,0.4775,0.535833,0.5375,0.551667
000256419f7c57d8,xclick,/m/0bt9lr,1,0.804375,0.845625,0.475833,0.635833,1,0,0,0,0,0.819375,0.804375,0.845625,0.835,0.475833,0.5375,0.574167,0.635833
000256419f7c57d8,xclick,/m/0bt9lr,1,0.846875,0.87,0.4825,0.570833,1,0,0,0,0,0.851875,0.846875,0.8625,0.87,0.4825,0.5,0.570833,0.496667
000256419f7c57d8,xclick,/m/0bt9lr,1,0.891875,0.975625,0.484167,0.5775,1,0,0,0,0,0.975625,0.920625,0.891875,0.91625,0.520833,0.484167,0.525833,0.5775
000256419f7c57d8,xclick,/m/0cvnqh,1,0.0,0.998125,0.5375,0.698333,1,1,1,0,0,0.0,0.998125,0.000625,0.0,0.608333,0.5375,0.698333,0.6325
000256419f7c57d8,xclick,/m/0cvnqh,1,0.153125,0.653125,0.41,0.465,1,0,0,0,0,0.153125,0.653125,0.635,0.155625,0.41,0.4525,0.465,0.430833
0002c6ace3fef696,xclick,/m/0bt9lr,1,0.37625,0.999375,0.218574,0.804878,1,1,0,0,0,0.573125,0.999375,0.518125,0.37625,0.218574,0.483114,0.804878,0.603189
00030960ec3d6aae,xclick,/m/015p6,1,0.0,0.019375,0.783333,0.8025,0,1,0,0,0,0.00125,0.0,0.005,0.019375,0.783333,0.795,0.8025,0.786667
00030960ec3d6aae,xclick,/m/015p6,1,0.0,0.021875,0.9125,0.933333,1,1,0,0,0,0.0,0.0,0.016875,0.021875,0.926667,0.933333,0.9125,0.9125
00030960ec3d6aae,xclick,/m/015p6,1,0.0,0.0275,0.7625,0.781667,1,1,0,0,0,0.00375,0.0,0.00375,0.0275,0.7625,0.778333,0.781667,0.764167
00030960ec3d6aae,xclick,/m/015p6,1,0.0,0.035,0.8175,0.845,1,1,0,0,0,0.00375,0.0,0.010625,0.035,0.8175,0.833333,0.845,0.820833
00030960ec3d6aae,xclick,/m/015p6,1,0.0,0.0675,0.9175,0.970833,0,1,0,0,0,0.010625,0.0,0.03125,0.0675,0.936667,0.943333,0.970833,0.9175
00030960ec3d6aae,xclick,/m/015p6,1,0.0,0.999375,0.000833,0.734167,1,1,1,0,0,0.0,0.800625,0.999375,0.575625,0.708333,0.000833,0.4525,0.734167
00030960ec3d6aae,xclick,/m/015p6,1,0.00375,0.01625,0.501667,0.5125,0,0,0,0,0,0.00375,0.00625,0.01125,0.01625,0.501667,0.5125,0.5125,0.510833
00030960ec3d6aae,xclick,/m/015p6,1,0.00625,0.033125,0.741667,0.755,1,0,0,0,0,0.01125,0.00625,0.015,0.033125,0.741667,0.743333,0.755,0.753333
00030960ec3d6aae,xclick,/m/015p6,1,0.0075,0.031875,0.725833,0.734167,1,0,0,0,0,0.01,0.0075,0.024375,0.031875,0.725833,0.7325,0.734167,0.7275
00030960ec3d6aae,xclick,/m/015p6,1,0.0125,0.036875,0.71,0.7225,1,0,0,0,0,0.023125,0.0125,0.02,0.036875,0.71,0.711667,0.7225,0.715833
00030960ec3d6aae,xclick,/m/015p6,1,0.01375,0.028125,0.7325,0.741667,1,0,0,0,0,0.01875,0.01375,0.0175,0.028125,0.7325,0.7325,0.741667,0.74
00030960ec3d6aae,xclick,/m/015p6,1,0.015,0.039375,0.574167,0.595,0,0,0,0,0,0.01875,0.015,0.033125,0.039375,0.574167,0.595,0.574167,0.5825
00030960ec3d6aae,xclick,/m/015p6,1,0.018125,0.045625,0.799167,0.815833,1,0,0,0,0,0.021875,0.018125,0.02625,0.045625,0.799167,0.804167,0.815833,0.800833
00030960ec3d6aae,xclick,/m/015p6,1,0.02125,0.0475,0.688333,0.7,1,0,0,0,0,0.031875,0.02125,0.025625,0.0475,0.691667,0.696667,0.7,0.688333
00030960ec3d6aae,xclick,/m/015p6,1,0.033125,0.05625,0.7,0.714167,1,0,0,0,0,0.039375,0.033125,0.038125,0.05625,0.7,0.705,0.714167,0.701667
00030960ec3d6aae,xclick,/m/015p6,1,0.035625,0.0575,0.720833,0.74,1,0,0,0,0,0.035625,0.036875,0.04625,0.0575,0.720833,0.74,0.734167,0.729167
00030960ec3d6aae,xclick,/m/015p6,1,0.040625,0.05375,0.7675,0.789167,1,0,0,0,0,0.040625,0.0425,0.04375,0.05375,0.7675,0.785833,0.789167,0.7675
00030960ec3d6aae,xclick,/m/015p6,1,0.049375,0.094375,0.815833,0.831667,1,0,0,0,0,0.07125,0.049375,0.065,0.094375,0.815833,0.825,0.831667,0.815833
00030960ec3d6aae,xclick,/m/015p6,1,0.054375,0.090625,0.78,0.800833,1,0,0,0,0,0.065,0.054375,0.07125,0.090625,0.78,0.788333,0.800833,0.78
00030960ec3d6aae,xclick,/m/015p6,1,0.055,0.073125,0.743333,0.761667,1,0,0,0,0,0.05875,0.055,0.063125,0.073125,0.743333,0.755,0.761667,0.761667
00030960ec3d6aae,xclick,/m/015p6,1,0.061875,0.093125,0.843333,0.8675,1,0,0,0,0,0.07125,0.061875,0.07875,0.093125,0.843333,0.845,0.8675,0.843333
00030960ec3d6aae,xclick,/m/015p6,1,0.063125,0.0825,0.7225,0.7325,1,0,0,0,0,0.066875,0.063125,0.066875,0.0825,0.7225,0.730833,0.7325,0.7275
00030960ec3d6aae,xclick,/m/015p6,1,0.074375,0.116875,0.761667,0.775833,1,0,0,0,0,0.09,0.074375,0.08875,0.116875,0.761667,0.770833,0.775833,0.7675
00030960ec3d6aae,xclick,/m/015p6,1,0.094375,0.128125,0.79,0.8125,1,0,0,0,0,0.100625,0.094375,0.10375,0.128125,0.79,0.7975,0.8125,0.799167
00030960ec3d6aae,xclick,/m/015p6,1,0.096875,0.14875,0.928333,0.9675,0,0,0,0,0,0.11,0.096875,0.123125,0.14875,0.928333,0.935,0.9675,0.9575
00030960ec3d6aae,xclick,/m/015p6,1,0.0975,0.114375,0.705,0.711667,1,0,0,0,0,0.0975,0.105625,0.114375,0.0975,0.705,0.711667,0.705,0.706667
00030960ec3d6aae,xclick,/m/015p6,1,0.09875,0.12125,0.714167,0.724167,1,0,0,0,0,0.09875,0.113125,0.12125,0.113125,0.714167,0.714167,0.7225,0.724167
00030960ec3d6aae,xclick,/m/015p6,1,0.101875,0.125,0.693333,0.706667,1,0,0,0,0,0.106875,0.101875,0.12,0.125,0.693333,0.696667,0.706667,0.706667
00030960ec3d6aae,xclick,/m/015p6,1,0.103125,0.13,0.755,0.770833,1,0,0,0,0,0.110625,0.103125,0.118125,0.13,0.755,0.7675,0.770833,0.756667
00030960ec3d6aae,xclick,/m/015p6,1,0.115625,0.148125,0.715833,0.730833,1,0,0,0,0,0.12375,0.115625,0.144375,0.148125,0.7225,0.730833,0.724167,0.715833
00030960ec3d6aae,xclick,/m/015p6,1,0.118125,0.13375,0.729167,0.741667,1,0,0,0,0,0.1325,0.118125,0.125,0.13375,0.729167,0.7375,0.741667,0.741667
00030960ec3d6aae,xclick,/m/015p6,1,0.11875,0.14875,0.776667,0.795,1,0,0,0,0,0.11875,0.133125,0.14875,0.134375,0.788333,0.781667,0.776667,0.795
00030960ec3d6aae,xclick,/m/015p6,1,0.125625,0.1575,0.810833,0.84,1,0,0,0,0,0.125625,0.125625,0.136875,0.1575,0.810833,0.826667,0.84,0.828333
00030960ec3d6aae,xclick,/m/015p6,1,0.125625,0.18125,0.8675,0.909167,0,0,0,0,0,0.135625,0.125625,0.139375,0.18125,0.8675,0.878333,0.909167,0.88
00030960ec3d6aae,xclick,/m/015p6,1,0.136875,0.174375,0.836667,0.859167,1,0,0,0,0,0.15,0.136875,0.15125,0.174375,0.836667,0.855833,0.859167,0.836667
00030960ec3d6aae,xclick,/m/015p6,1,0.146875,0.175,0.7325,0.751667,1,0,0,0,0,0.146875,0.148125,0.154375,0.175,0.7325,0.741667,0.751667,0.751667
00030960ec3d6aae,xclick,/m/015p6,1,0.148125,0.186875,0.76,0.780833,1,0,0,0,0,0.154375,0.148125,0.1625,0.186875,0.76,0.769167,0.780833,0.76
00030960ec3d6aae,xclick,/m/015p6,1,0.16,0.186875,0.719167,0.734167,1,0,0,0,0,0.165,0.16,0.1675,0.186875,0.719167,0.724167,0.734167,0.720833
00030960ec3d6aae,xclick,/m/015p6,1,0.16,0.1925,0.809167,0.826667,1,0,0,0,0,0.163125,0.16,0.18375,0.1925,0.810833,0.820833,0.826667,0.809167
00030960ec3d6aae,xclick,/m/015p6,1,0.1625,0.185625,0.688333,0.7,1,0,0,0,0,0.17125,0.1625,0.17625,0.185625,0.693333,0.7,0.7,0.688333
00030960ec3d6aae,xclick,/m/015p6,1,0.183125,0.21,0.701667,0.714167,1,0,0,0,0,0.189375,0.183125,0.191875,0.21,0.701667,0.706667,0.714167,0.701667
00030960ec3d6aae,xclick,/m/015p6,1,0.188125,0.205,0.688333,0.7,1,0,0,0,0,0.188125,0.188125,0.194375,0.205,0.688333,0.695,0.698333,0.7
00030960ec3d6aae,xclick,/m/015p6,1,0.19,0.208125,0.791667,0.8075,1,0,0,0,0,0.19375,0.19,0.203125,0.208125,0.791667,0.8025,0.8075,0.8075
00030960ec3d6aae,xclick,/m/015p6,1,0.19,0.2225,0.771667,0.791667,1,0,0,0,0,0.19,0.19375,0.200625,0.2225,0.771667,0.783333,0.791667,0.771667
00030960ec3d6aae,xclick,/m/015p6,1,0.193125,0.215,0.714167,0.729167,1,0,0,0,0,0.2025,0.193125,0.2025,0.215,0.714167,0.714167,0.729167,0.714167
00030960ec3d6aae,xclick,/m/015p6,1,0.1975,0.221875,0.734167,0.76,1,0,0,0,0,0.19875,0.1975,0.2025,0.221875,0.734167,0.741667,0.76,0.746667
00030960ec3d6aae,xclick,/m/015p6,1,0.206875,0.246875,0.825,0.845,0,0,0,0,0,0.218125,0.206875,0.22125,0.246875,0.825,0.833333,0.845,0.841667
00030960ec3d6aae,xclick,/m/015p6,1,0.210625,0.248125,0.7975,0.826667,1,0,0,0,0,0.210625,0.210625,0.22375,0.248125,0.8075,0.819167,0.826667,0.7975
00030960ec3d6aae,xclick,/m/015p6,1,0.216875,0.23875,0.7275,0.741667,1,0,0,0,0,0.218125,0.216875,0.228125,0.23875,0.7275,0.734167,0.741667,0.729167
00030960ec3d6aae,xclick,/m/015p6,1,0.226875,0.258125,0.75,0.769167,0,0,0,0,0,0.226875,0.226875,0.23875,0.258125,0.75,0.761667,0.769167,0.761667
00030960ec3d6aae,xclick,/m/015p6,1,0.230625,0.2525,0.706667,0.720833,1,0,0,0,0,0.2375,0.230625,0.2375,0.2525,0.706667,0.711667,0.720833,0.714167
00030960ec3d6aae,xclick,/m/015p6,1,0.239375,0.26625,0.78,0.800833,0,0,0,0,0,0.243125,0.239375,0.253125,0.26625,0.78,0.786667,0.800833,0.791667
00030960ec3d6aae,xclick,/m/015p6,1,0.24,0.260625,0.734167,0.745,1,0,0,0,0,0.245,0.24,0.25,0.260625,0.734167,0.735833,0.745,0.734167
00030960ec3d6aae,xclick,/m/015p6,1,0.253125,0.279375,0.771667,0.783333,1,0,0,0,0,0.256875,0.253125,0.2675,0.279375,0.771667,0.781667,0.783333,0.771667
00030960ec3d6aae,xclick,/m/015p6,1,0.255625,0.268125,0.711667,0.725833,1,0,0,0,0,0.263125,0.255625,0.268125,0.268125,0.714167,0.711667,0.719167,0.725833
00030960ec3d6aae,xclick,/m/015p6,1,0.26125,0.31,0.904167,0.936667,0,0,0,0,0,0.26625,0.26125,0.27375,0.31,0.904167,0.919167,0.936667,0.905833
00030960ec3d6aae,xclick,/m/015p6,1,0.265625,0.28,0.720833,0.7325,1,0,0,0,0,0.269375,0.265625,0.268125,0.28,0.720833,0.729167,0.7325,0.729167
00030960ec3d6aae,xclick,/m/015p6,1,0.270625,0.315,0.806667,0.8225,1,0,0,0,0,0.315,0.270625,0.28875,0.29125,0.806667,0.8225,0.8225,0.8225
00030960ec3d6aae,xclick,/m/015p6,1,0.28125,0.305625,0.7275,0.741667,1,0,0,0,0,0.28125,0.28375,0.29125,0.305625,0.7275,0.7375,0.741667,0.7375
00030960ec3d6aae,xclick,/m/015p6,1,0.28125,0.305625,0.753333,0.769167,1,0,0,0,0,0.2875,0.28125,0.28625,0.305625,0.753333,0.756667,0.769167,0.761667
00030960ec3d6aae,xclick,/m/015p6,1,0.28875,0.304375,0.706667,0.719167,1,0,0,0,0,0.29125,0.28875,0.298125,0.304375,0.706667,0.715833,0.719167,0.719167
00030960ec3d6aae,xclick,/m/015p6,1,0.293125,0.35,0.954167,0.991667,1,0,0,0,0,0.29875,0.293125,0.3125,0.35,0.9625,0.978333,0.991667,0.954167
00030960ec3d6aae,xclick,/m/015p6,1,0.303125,0.3225,0.698333,0.71,1,0,0,0,0,0.304375,0.303125,0.31375,0.3225,0.698333,0.71,0.71,0.701667
00030960ec3d6aae,xclick,/m/015p6,1,0.309375,0.33125,0.74,0.753333,1,0,0,0,0,0.310625,0.309375,0.3175,0.33125,0.74,0.745,0.753333,0.743333
00030960ec3d6aae,xclick,/m/015p6,1,0.309375,0.336875,0.770833,0.791667,1,0,0,0,0,0.3175,0.309375,0.32,0.336875,0.770833,0.775833,0.791667,0.774167
00030960ec3d6aae,xclick,/m/015p6,1,0.31625,0.338125,0.715833,0.7275,1,0,0,0,0,0.31875,0.31625,0.31875,0.338125,0.715833,0.719167,0.7275,0.7275
00030960ec3d6aae,xclick,/m/015p6,1,0.319375,0.360625,0.831667,0.850833,1,0,0,0,0,0.324375,0.319375,0.324375,0.360625,0.836667,0.838333,0.850833,0.831667
00030960ec3d6aae,xclick,/m/015p6,1,0.321875,0.358125,0.8125,0.826667,1,0,0,0,0,0.324375,0.321875,0.334375,0.358125,0.8125,0.8175,0.826667,0.814167
00030960ec3d6aae,xclick,/m/015p6,1,0.33,0.346875,0.688333,0.696667,1,0,0,0,0,0.335625,0.33,0.338125,0.346875,0.688333,0.693333,0.696667,0.691667
00030960ec3d6aae,xclick,/m/015p6,1,0.33125,0.350625,0.698333,0.705,1,0,0,0,0,0.33125,0.336875,0.348125,0.350625,0.698333,0.705,0.705,0.705
00030960ec3d6aae,xclick,/m/015p6,1,0.33875,0.37625,0.785,0.800833,1,0,0,0,0,0.3425,0.33875,0.364375,0.37625,0.786667,0.800833,0.7975,0.785
00030960ec3d6aae,xclick,/m/015p6,1,0.339375,0.375625,0.761667,0.7775,1,0,0,0,0,0.344375,0.339375,0.345625,0.375625,0.761667,0.7675,0.7775,0.7675
00030960ec3d6aae,xclick,/m/015p6,1,0.344375,0.36125,0.719167,0.74,1,0,0,0,0,0.348125,0.344375,0.350625,0.36125,0.719167,0.7275,0.74,0.735833
00030960ec3d6aae,xclick,/m/015p6,1,0.3475,0.39125,0.800833,0.8175,1,0,0,0,0,0.360625,0.3475,0.361875,0.39125,0.800833,0.810833,0.8175,0.800833
00030960ec3d6aae,xclick,/m/015p6,1,0.35125,0.401875,0.864167,0.891667,0,0,0,0,0,0.371875,0.35125,0.375,0.401875,0.8675,0.891667,0.886667,0.864167
00030960ec3d6aae,xclick,/m/015p6,1,0.35375,0.374375,0.691667,0.708333,1,0,0,0,0,0.36125,0.35625,0.35375,0.374375,0.698333,0.708333,0.7,0.691667
00030960ec3d6aae,xclick,/m/015p6,1,0.3575,0.388125,0.746667,0.756667,1,0,0,0,0,0.36375,0.3575,0.380625,0.388125,0.75,0.756667,0.75,0.746667
00030960ec3d6aae,xclick,/m/015p6,1,0.363125,0.395625,0.776667,0.791667,1,0,0,0,0,0.368125,0.363125,0.373125,0.395625,0.776667,0.786667,0.791667,0.776667
00030960ec3d6aae,xclick,/m/015p6,1,0.36375,0.380625,0.698333,0.708333,1,0,0,0,0,0.36375,0.36625,0.376875,0.380625,0.698333,0.706667,0.708333,0.703333
00030960ec3d6aae,xclick,/m/015p6,1,0.380625,0.40375,0.714167,0.7225,1,0,0,0,0,0.380625,0.384375,0.4,0.40375,0.714167,0.720833,0.7225,0.719167
00030960ec3d6aae,xclick,/m/015p6,1,0.386875,0.411875,0.720833,0.741667,1,0,0,0,0,0.386875,0.389375,0.39375,0.411875,0.720833,0.735833,0.741667,0.734167
00030960ec3d6aae,xclick,/m/015p6,1,0.4,0.428125,0.753333,0.7675,1,0,0,0,0,0.40375,0.4,0.419375,0.428125,0.753333,0.763333,0.7675,0.756667
00030960ec3d6aae,xclick,/m/015p6,1,0.414375,0.43625,0.715833,0.725833,1,0,0,0,0,0.416875,0.414375,0.420625,0.43625,0.715833,0.720833,0.725833,0.7175
00030960ec3d6aae,xclick,/m/015p6,1,0.43,0.453125,0.7675,0.780833,1,0,0,0,0,0.43375,0.43,0.43875,0.453125,0.7675,0.775833,0.780833,0.7675
00030960ec3d6aae,xclick,/m/015p6,1,0.43375,0.453125,0.7825,0.803333,1,0,0,0,0,0.44125,0.43375,0.44625,0.453125,0.7825,0.803333,0.801667,0.791667
00030960ec3d6aae,xclick,/m/015p6,1,0.434375,0.4975,0.805833,0.84,1,0,0,0,0,0.446875,0.434375,0.45875,0.4975,0.8175,0.820833,0.84,0.805833
00030960ec3d6aae,xclick,/m/015p6,1,0.43875,0.458125,0.7275,0.743333,1,0,0,0,0,0.43875,0.43875,0.445,0.458125,0.7275,0.735833,0.743333,0.74
00030960ec3d6aae,xclick,/m/015p6,1,0.44125,0.464375,0.7,0.714167,1,0,0,0,0,0.44125,0.445,0.449375,0.464375,0.701667,0.714167,0.714167,0.7
00030960ec3d6aae,xclick,/m/015p6,1,0.451875,0.47625,0.720833,0.7325,1,0,0,0,0,0.453125,0.451875,0.455625,0.47625,0.720833,0.725833,0.7325,0.7275
00030960ec3d6aae,xclick,/m/015p6,1,0.455625,0.48625,0.745,0.763333,1,0,0,0,0,0.456875,0.455625,0.466875,0.48625,0.756667,0.761667,0.763333,0.745
00030960ec3d6aae,xclick,/m/015p6,1,0.460625,0.488125,0.745,0.756667,1,0,0,0,0,0.488125,0.460625,0.47125,0.47875,0.753333,0.745,0.755,0.756667
00030960ec3d6aae,xclick,/m/015p6,1,0.4625,0.50125,0.828333,0.84,1,0,0,0,0,0.46875,0.4625,0.484375,0.50125,0.828333,0.835,0.84,0.831667
00030960ec3d6aae,xclick,/m/015p6,1,0.4625,0.528125,0.919167,0.946667,0,0,0,0,0,0.473125,0.4625,0.488125,0.528125,0.919167,0.928333,0.946667,0.928333
00030960ec3d6aae,xclick,/m/015p6,1,0.465,0.49625,0.7975,0.823333,1,0,0,0,0,0.474375,0.465,0.488125,0.49625,0.7975,0.810833,0.823333,0.8175
00030960ec3d6aae,xclick,/m/015p6,1,0.465,0.53,0.941667,0.983333,0,0,0,0,0,0.49625,0.465,0.50125,0.53,0.941667,0.9625,0.983333,0.948333
00030960ec3d6aae,xclick,/m/015p6,1,0.465625,0.494375,0.761667,0.7825,1,0,0,0,0,0.465625,0.465625,0.47375,0.494375,0.761667,0.770833,0.7825,0.7675
00030960ec3d6aae,xclick,/m/015p6,1,0.46625,0.514375,0.841667,0.865833,0,0,0,0,0,0.475625,0.46625,0.483125,0.514375,0.841667,0.846667,0.865833,0.849167
00030960ec3d6aae,xclick,/m/015p6,1,0.475625,0.513125,0.785,0.804167,1,0,0,0,0,0.481875,0.475625,0.495,0.513125,0.788333,0.799167,0.804167,0.785
00030960ec3d6aae,xclick,/m/015p6,1,0.486875,0.5475,0.870833,0.904167,0,0,0,0,0,0.54125,0.486875,0.513125,0.5475,0.870833,0.893333,0.904167,0.876667
00030960ec3d6aae,xclick,/m/015p6,1,0.49625,0.514375,0.99,0.999167,0,1,0,0,0,0.50375,0.49625,0.5075,0.514375,0.99,0.999167,0.999167,0.999167
00030960ec3d6aae,xclick,/m/015p6,1,0.50875,0.545,0.771667,0.791667,1,0,0,0,0,0.50875,0.516875,0.545,0.518125,0.781667,0.775,0.771667,0.791667
00030960ec3d6aae,xclick,/m/015p6,1,0.5125,0.538125,0.748333,0.761667,1,0,0,0,0,0.51625,0.5125,0.52,0.538125,0.748333,0.751667,0.761667,0.761667
00030960ec3d6aae,xclick,/m/015p6,1,0.533125,0.56,0.7325,0.748333,1,0,0,0,0,0.538125,0.533125,0.540625,0.56,0.7325,0.735833,0.748333,0.743333
00030960ec3d6aae,xclick,/m/015p6,1,0.534375,0.5525,0.7225,0.7325,1,0,0,0,0,0.535625,0.534375,0.541875,0.5525,0.7225,0.7325,0.7325,0.724167
00030960ec3d6aae,xclick,/m/015p6,1,0.536875,0.55375,0.71,0.719167,1,0,0,0,0,0.539375,0.536875,0.544375,0.55375,0.71,0.714167,0.719167,0.7175
00030960ec3d6aae,xclick,/m/015p6,1,0.54125,0.57375,0.7675,0.78,1,0,0,0,0,0.54125,0.556875,0.57375,0.553125,0.7675,0.769167,0.7675,0.78
00030960ec3d6aae,xclick,/m/015p6,1,0.5425,0.588125,0.8175,0.838333,0,0,0,0,0,0.550625,0.5425,0.554375,0.588125,0.819167,0.825,0.838333,0.8175
00030960ec3d6aae,xclick,/m/015p6,1,0.5475,0.571875,0.706667,0.715833,1,0,0,0,0,0.5475,0.555,0.56375,0.571875,0.706667,0.715833,0.71,0.706667
00030960ec3d6aae,xclick,/m/015p6,1,0.551875,0.5825,0.778333,0.8025,1,0,0,0,0,0.553125,0.551875,0.560625,0.5825,0.78,0.785,0.8025,0.778333
00030960ec3d6aae,xclick,/m/015p6,1,0.565625,0.599375,0.7525,0.778333,1,0,0,0,0,0.57625,0.565625,0.58375,0.599375,0.7525,0.7675,0.778333,0.755833
00030960ec3d6aae,xclick,/m/015p6,1,0.58125,0.636875,0.94,0.974167,0,0,0,0,0,0.5825,0.58125,0.590625,0.636875,0.94,0.946667,0.974167,0.948333
00030960ec3d6aae,xclick,/m/015p6,1,0.59875,0.76,0.189167,0.31,0,0,0,0,0,0.744375,0.76,0.65625,0.59875,0.189167,0.199167,0.31,0.274167
00030960ec3d6aae,xclick,/m/015p6,1,0.601875,0.633125,0.765833,0.783333,0,0,0,0,0,0.6075,0.601875,0.615,0.633125,0.765833,0.769167,0.783333,0.776667
00030960ec3d6aae,xclick,/m/015p6,1,0.603125,0.633125,0.736667,0.7525,1,0,0,0,0,0.61,0.603125,0.6075,0.633125,0.738333,0.741667,0.7525,0.736667
00030960ec3d6aae,xclick,/m/015p6,1,0.605625,0.625,0.705,0.719167,1,0,0,0,0,0.610625,0.605625,0.610625,0.625,0.705,0.71,0.719167,0.719167
00030960ec3d6aae,xclick,/m/015p6,1,0.605625,0.629375,0.743333,0.760833,1,0,0,0,0,0.6225,0.605625,0.615,0.629375,0.743333,0.7475,0.760833,0.745833
00030960ec3d6aae,xclick,/m/015p6,1,0.61375,0.64625,0.723333,0.733333,1,0,0,0,0,0.62125,0.61375,0.626875,0.64625,0.723333,0.725,0.733333,0.728333
00030960ec3d6aae,xclick,/m/015p6,1,0.621875,0.650625,0.6175,0.643333,1,0,0,0,0,0.6325,0.621875,0.63625,0.650625,0.6175,0.625833,0.643333,0.636667
00030960ec3d6aae,xclick,/m/015p6,1,0.625,0.64125,0.688333,0.695,1,0,0,0,0,0.625,0.6375,0.64125,0.63375,0.688333,0.688333,0.691667,0.695
00030960ec3d6aae,xclick,/m/015p6,1,0.625,0.643125,0.7,0.71,1,0,0,0,0,0.63125,0.625,0.63,0.643125,0.7,0.701667,0.71,0.703333
00030960ec3d6aae,xclick,/m/015p6,1,0.629375,0.69875,0.9025,0.941667,0,0,0,0,0,0.69875,0.680625,0.629375,0.64875,0.941667,0.9025,0.919167,0.933333
00030960ec3d6aae,xclick,/m/015p6,1,0.641875,0.666875,0.705833,0.73,1,0,0,0,0,0.6475,0.641875,0.64875,0.666875,0.705833,0.714167,0.73,0.714167
00030960ec3d6aae,xclick,/m/015p6,1,0.646875,0.651875,0.603333,0.630833,1,0,0,0,0,0.646875,0.646875,0.646875,0.651875,0.603333,0.615833,0.6275,0.630833
00030960ec3d6aae,xclick,/m/015p6,1,0.65125,0.671875,0.695833,0.715833,1,0,0,0,0,0.655,0.65125,0.65875,0.671875,0.695833,0.704167,0.715833,0.704167
00030960ec3d6aae,xclick,/m/015p6,1,0.655,0.671875,0.691667,0.704167,1,0,0,0,0,0.65875,0.655,0.6625,0.671875,0.691667,0.699167,0.704167,0.6975
00030960ec3d6aae,xclick,/m/015p6,1,0.6575,0.69125,0.754167,0.775,1,0,0,0,0,0.66375,0.6575,0.666875,0.69125,0.754167,0.754167,0.775,0.760833
00030960ec3d6aae,xclick,/m/015p6,1,0.669375,0.719375,0.85,0.880833,0,0,0,0,0,0.675,0.669375,0.6825,0.719375,0.85,0.86,0.880833,0.860833
00030960ec3d6aae,xclick,/m/015p6,1,0.670625,0.695,0.72,0.733333,1,0,0,0,0,0.674375,0.670625,0.673125,0.695,0.721667,0.721667,0.733333,0.72
00030960ec3d6aae,xclick,/m/015p6,1,0.670625,0.7,0.725,0.743333,1,0,0,0,0,0.678125,0.670625,0.676875,0.7,0.731667,0.736667,0.743333,0.725
00030960ec3d6aae,xclick,/m/015p6,1,0.685,0.709375,0.695833,0.709167,1,0,0,0,0,0.69,0.685,0.695,0.709375,0.6975,0.700833,0.709167,0.695833
00030960ec3d6aae,xclick,/m/015p6,1,0.69,0.708125,0.7075,0.72,1,0,0,0,0,0.6925,0.69,0.6975,0.708125,0.7075,0.710833,0.72,0.714167
00030960ec3d6aae,xclick,/m/015p6,1,0.70125,0.979375,0.6575,0.721667,1,0,1,0,0,0.78,0.70125,0.8025,0.979375,0.721667,0.683333,0.6575,0.673333
00030960ec3d6aae,xclick,/m/015p6,1,0.7025,0.73625,0.773333,0.8025,0,0,0,0,0,0.709375,0.7025,0.714375,0.73625,0.773333,0.781667,0.8025,0.785
00030960ec3d6aae,xclick,/m/015p6,1,0.706875,0.743125,0.7575,0.775,0,0,0,0,0,0.714375,0.706875,0.718125,0.743125,0.7575,0.764167,0.775,0.759167
00030960ec3d6aae,xclick,/m/015p6,1,0.720625,0.760625,0.791667,0.819167,0,0,0,0,0,0.720625,0.756875,0.760625,0.73625,0.8025,0.791667,0.800833,0.819167
00030960ec3d6aae,xclick,/m/015p6,1,0.721875,0.746875,0.731667,0.754167,0,0,0,0,0,0.746875,0.721875,0.721875,0.73,0.731667,0.736667,0.736667,0.754167
00030960ec3d6aae,xclick,/m/015p6,1,0.72375,0.746875,0.714167,0.728333,0,0,0,0,0,0.7325,0.72375,0.73625,0.746875,0.715833,0.72,0.728333,0.714167
00030960ec3d6aae,xclick,/m/015p6,1,0.73,0.76875,0.826667,0.855833,0,0,0,0,0,0.73,0.735,0.76875,0.744375,0.835,0.83,0.826667,0.855833
00030960ec3d6aae,xclick,/m/015p6,1,0.73625,0.765,0.7025,0.714167,0,0,0,0,0,0.74,0.73625,0.745625,0.765,0.7025,0.705833,0.714167,0.704167
00030960ec3d6aae,xclick,/m/015p6,1,0.749375,0.785625,0.743333,0.760833,0,0,0,0,0,0.749375,0.758125,0.78,0.785625,0.743333,0.760833,0.749167,0.7475
00030960ec3d6aae,xclick,/m/015p6,1,0.765,0.815625,0.879167,0.918333,0,0,0,0,0,0.815625,0.765,0.780625,0.780625,0.879167,0.8975,0.918333,0.918333
00030960ec3d6aae,xclick,/m/015p6,1,0.77375,0.80125,0.765833,0.788333,0,0,0,0,0,0.77375,0.784375,0.795625,0.80125,0.781667,0.788333,0.765833,0.7675
00030960ec3d6aae,xclick,/m/015p6,1,0.77625,0.80875,0.723333,0.738333,0,0,0,0,0,0.783125,0.77625,0.784375,0.80875,0.723333,0.728333,0.738333,0.723333
00030960ec3d6aae,xclick,/m/015p6,1,0.795625,0.830625,0.835,0.859167,0,0,0,0,0,0.795625,0.80875,0.823125,0.830625,0.846667,0.859167,0.836667,0.835
00030960ec3d6aae,xclick,/m/015p6,1,0.80125,0.836875,0.8075,0.823333,0,0,0,0,0,0.80125,0.80625,0.836875,0.823125,0.815833,0.8125,0.8075,0.823333
00030960ec3d6aae,xclick,/m/015p6,1,0.805,0.829375,0.786667,0.8025,0,0,0,0,0,0.805,0.81,0.81875,0.829375,0.7975,0.793333,0.786667,0.8025
00030960ec3d6aae,xclick,/m/015p6,1,0.809375,0.87125,0.915,0.955,0,0,0,0,0,0.819375,0.809375,0.8275,0.87125,0.915,0.930833,0.955,0.9375
00030960ec3d6aae,xclick,/m/015p6,1,0.8175,0.84375,0.736667,0.750833,0,0,0,0,0,0.8175,0.820625,0.84375,0.828125,0.738333,0.738333,0.736667,0.750833
00030960ec3d6aae,xclick,/m/015p6,1,0.819375,0.860625,0.87,0.894167,0,0,0,0,0,0.820625,0.860625,0.835,0.819375,0.87,0.871667,0.894167,0.871667
00030960ec3d6aae,xclick,/m/015p6,1,0.84125,0.8575,0.723333,0.731667,0,0,0,0,0,0.84125,0.84875,0.85625,0.8575,0.726667,0.726667,0.723333,0.731667
00030960ec3d6aae,xclick,/m/015p6,1,0.85625,0.89125,0.7675,0.79,0,0,0,0,0,0.865625,0.85625,0.869375,0.89125,0.7675,0.773333,0.79,0.771667
00030960ec3d6aae,xclick,/m/015p6,1,0.859375,0.88375,0.731667,0.749167,0,0,0,0,0,0.868125,0.859375,0.868125,0.88375,0.731667,0.74,0.749167,0.735
00030960ec3d6aae,xclick,/m/015p6,1,0.870625,0.89,0.74,0.754167,0,0,0,0,0,0.88,0.870625,0.87875,0.89,0.741667,0.745833,0.754167,0.74
00030960ec3d6aae,xclick,/m/015p6,1,0.895,0.914375,0.733333,0.743333,0,0,0,0,0,0.895,0.899375,0.914375,0.904375,0.735,0.733333,0.736667,0.743333
00030960ec3d6aae,xclick,/m/015p6,1,0.89625,0.906875,0.7025,0.7125,0,0,0,0,0,0.900625,0.89625,0.899375,0.906875,0.7125,0.7075,0.7025,0.705833
00030960ec3d6aae,xclick,/m/015p6,1,0.896875,0.928125,0.889167,0.923333,0,0,0,0,0,0.896875,0.898125,0.9125,0.928125,0.889167,0.908333,0.923333,0.890833
00030960ec3d6aae,xclick,/m/015p6,1,0.903125,0.92,0.745833,0.7625,0,0,0,0,0,0.905625,0.903125,0.910625,0.92,0.745833,0.755833,0.7625,0.745833
00030960ec3d6aae,xclick,/m/015p6,1,0.909375,0.92125,0.7025,0.710833,0,0,0,0,0,0.9175,0.909375,0.909375,0.92125,0.710833,0.704167,0.704167,0.7025
00030960ec3d6aae,xclick,/m/015p6,1,0.91875,0.9325,0.69,0.704167,1,0,0,0,0,0.925,0.91875,0.92375,0.9325,0.704167,0.695833,0.69,0.69
00030960ec3d6aae,xclick,/m/015p6,1,0.9275,0.946875,0.686667,0.694167,1,0,0,0,0,0.9325,0.9275,0.936875,0.946875,0.694167,0.688333,0.686667,0.69
00030960ec3d6aae,xclick,/m/015p6,1,0.93,0.954375,0.704167,0.715833,1,0,0,0,0,0.93375,0.93,0.93375,0.954375,0.704167,0.709167,0.715833,0.705833
00030960ec3d6aae,xclick,/m/015p6,1,0.936875,0.966875,0.8,0.818333,0,0,0,0,0,0.94625,0.936875,0.939375,0.966875,0.818333,0.805,0.8,0.803333
00030960ec3d6aae,xclick,/m/015p6,1,0.940625,0.969375,0.830833,0.855,0,0,0,0,0,0.9525,0.940625,0.95625,0.969375,0.855,0.830833,0.840833,0.8375
00030960ec3d6aae,xclick,/m/015p6,1,0.940625,0.97375,0.726667,0.750833,1,0,0,0,0,0.943125,0.940625,0.953125,0.97375,0.726667,0.735,0.750833,0.743333
00030960ec3d6aae,xclick,/m/015p6,1,0.953125,0.965,0.68,0.69,1,0,0,0,0,0.9575,0.953125,0.9575,0.965,0.68,0.683333,0.69,0.688333
00030960ec3d6aae,xclick,/m/015p6,1,0.953125,0.983125,0.745833,0.7675,0,0,0,0,0,0.95875,0.953125,0.96875,0.983125,0.750833,0.750833,0.7675,0.745833
00030960ec3d6aae,xclick,/m/015p6,1,0.9575,0.97375,0.7175,0.728333,1,0,0,0,0,0.9575,0.95875,0.96625,0.97375,0.7175,0.723333,0.726667,0.728333
00030960ec3d6aae,xclick,/m/015p6,1,0.971875,0.999375,0.7775,0.8,0,0,0,0,0,0.971875,0.975625,0.999375,0.985,0.7825,0.779167,0.7775,0.8
00030960ec3d6aae,xclick,/m/015p6,1,0.9725,0.989375,0.700833,0.72,1,0,0,0,0,0.9725,0.9725,0.989375,0.976875,0.700833,0.7025,0.72,0.714167
00030960ec3d6aae,xclick,/m/015p6,1,0.976875,0.99875,0.980833,0.999167,0,1,0,0,0,0.9825,0.976875,0.979375,0.99875,0.999167,0.984167,0.980833,0.999167
00030960ec3d6aae,xclick,/m/015p6,1,0.976875,0.999375,0.678333,0.69,1,1,0,0,0,0.983125,0.976875,0.984375,0.999375,0.678333,0.681667,0.688333,0.69
00030960ec3d6aae,xclick,/m/015p6,1,0.981875,0.993125,0.671667,0.68,1,0,0,0,0,0.984375,0.981875,0.983125,0.993125,0.671667,0.675,0.68,0.678333
00030960ec3d6aae,xclick,/m/015p6,1,0.986875,0.999375,0.73,0.738333,0,1,0,0,0,0.990625,0.986875,0.995,0.999375,0.73,0.736667,0.738333,0.738333
00030960ec3d6aae,xclick,/m/015p6,1,0.989375,0.999375,0.705833,0.7175,1,1,0,0,0,0.99875,0.989375,0.99625,0.999375,0.705833,0.7075,0.7175,0.7175
000376d44b3be92e,xclick,/m/015p6,1,0.279375,0.36,0.843333,0.89,0,0,0,0,0,0.2925,0.36,0.319375,0.279375,0.843333,0.870833,0.89,0.865833
000376d44b3be92e,xclick,/m/015p6,1,0.504375,0.54625,0.623333,0.685833,0,0,0,0,0,0.51625,0.504375,0.54625,0.515,0.623333,0.63,0.685833,0.67
00046a9adb6776ad,xclick,/m/015p6,1,0.355625,0.574375,0.451219,0.741088,0,0,0,0,0,0.480625,0.574375,0.46125,0.355625,0.451219,0.602251,0.741088,0.646341
00056e547b7c00d6,xclick,/m/01yrx,1,0.003125,0.999375,0.0075,0.999167,0,1,0,0,0,0.173125,0.003125,0.340625,0.999375,0.0075,0.548333,0.999167,0.631667
000596bc75926abe,xclick,/m/015p6,1,0.77125,0.815625,0.305,0.3325,0,0,0,0,0,0.77125,0.79875,0.815625,0.786875,0.325625,0.3325,0.315625,0.305
000596bc75926abe,xclick,/m/015p6,1,0.79,0.84,0.279375,0.30375,0,0,0,0,0,0.79,0.82125,0.84,0.810625,0.291875,0.30375,0.29,0.279375
000596bc75926abe,xclick,/m/015p6,1,0.800625,0.86,0.246875,0.279375,0,0,0,0,0,0.800625,0.83625,0.86,0.824375,0.264375,0.279375,0.24875,0.246875
000596bc75926abe,xclick,/m/015p6,1,0.859375,0.91,0.243125,0.2825,0,0,0,0,0,0.879375,0.859375,0.91,0.895,0.243125,0.275625,0.26375,0.2825
0005a9520eb22c19,xclick,/m/0bt9lr,1,0.094167,0.611667,0.055626,0.998736,1,1,0,0,0,0.4875,0.611667,0.243333,0.094167,0.055626,0.226296,0.998736,0.305942
0006303f02219b07,xclick,/m/0bt9lr,1,0.0,0.999219,0.0,0.998824,1,1,0,0,0,0.508594,0.999219,0.0,0.478906,0.0,0.375294,0.72,0.998824
00064d23bf997652,xclick,/m/0bt9lr,1,0.240938,0.906183,0.0,0.694286,0,0,0,0,0,0.678038,0.906183,0.240938,0.522388,0.0,0.37,0.424286,0.694286
000665ea2fa6d61b,xclick,/m/015p6,1,0.250625,0.593125,0.348968,0.820826,1,0,0,0,0,0.52625,0.250625,0.593125,0.324375,0.348968,0.747655,0.410882,0.820826
00067fe83e3e21c8,xclick,/m/01yrx,1,0.15625,0.691875,0.0,0.983067,1,0,0,0,0,0.36375,0.15625,0.691875,0.66125,0.0,0.165569,0.935089,0.983067
000712bbe0a4844f,xclick,/m/015p6,1,0.44,0.53375,0.399436,0.668233,1,0,0,0,0,0.513125,0.53375,0.469375,0.44,0.399436,0.49812,0.668233,0.644737
000712bbe0a4844f,xclick,/m/07j7r,1,0.0,0.999375,0.0,0.99906,1,1,0,0,0,0.545625,0.999375,0.789375,0.0,0.0,0.489662,0.99906,0.396617
00072e3556ad7e81,xclick,/m/015p6,1,0.65125,0.82125,0.559159,0.709027,1,0,0,1,0,0.79125,0.82125,0.743125,0.65125,0.559159,0.601227,0.709027,0.684487
00072e3556ad7e81,xclick,/m/015p6,1,0.870625,0.9925,0.573181,0.801928,0,0,0,1,0,0.914375,0.870625,0.969375,0.9925,0.573181,0.605609,0.801928,0.794917
00072e3556ad7e81,xclick,/m/050gv4,1,0.454375,0.9775,0.666959,0.999124,1,1,0,1,0,0.81375,0.6425,0.454375,0.9775,0.666959,0.999124,0.894829,0.813322
00072e3556ad7e81,xclick,/m/099ssp,1,0.450625,0.99125,0.561788,0.999124,0,1,0,0,0,0.794375,0.450625,0.585625,0.99125,0.561788,0.896582,0.999124,0.78177
00072e3556ad7e81,xclick,/m/0bwd_0j,1,0.09125,0.83125,0.0,0.813322,0,1,0,1,0,0.475,0.645,0.83125,0.09125,0.813322,0.0,0.131464,0.36284
00073eca51f23401,xclick,/m/015p6,1,0.0,0.999061,0.001251,0.999375,1,1,1,0,0,0.384977,0.026291,0.0,0.999061,0.001251,0.782364,0.990619,0.999375
00073eca51f23401,xclick,/m/015p6,1,0.592488,0.633803,0.018762,0.071295,0,0,0,0,0,0.613146,0.611268,0.592488,0.633803,0.018762,0.049406,0.071295,0.037523
00073eca51f23401,xclick,/m/015p6,1,0.659155,0.679812,0.070044,0.11257,0,0,0,0,0,0.677934,0.659155,0.659155,0.679812,0.070044,0.090056,0.11257,0.08005
00073eca51f23401,xclick,/m/015p6,1,0.787793,0.839437,0.182614,0.228893,0,0,0,0,0,0.800939,0.787793,0.805634,0.839437,0.182614,0.210131,0.228893,0.206379
00073eca51f23401,xclick,/m/07j7r,1,0.0,0.067606,0.007505,0.171357,1,1,0,0,0,0.062911,0.0,0.000939,0.067606,0.007505,0.078799,0.171357,0.14384
00073eca51f23401,xclick,/m/07j7r,1,0.0,0.999061,0.631645,0.999375,1,1,1,0,0,0.8723,0.0,0.999061,0.586854,0.631645,0.949343,0.927455,0.999375
00074503ceae5131,xclick,/m/03ssj5,1,0.0,0.999375,0.0,0.999062,1,1,0,0,0,0.85625,0.999375,0.0,0.594375,0.0,0.577861,0.574109,0.999062
00074503ceae5131,xclick,/m/0bt9lr,1,0.0,0.999375,0.270169,0.999062,0,1,0,0,0,0.856875,0.999375,0.0,0.3775,0.270169,0.603189,0.43621,0.999062
00074503ceae5131,xclick,/m/0h8n6f9,1,0.0,0.999375,0.348968,0.999062,1,1,0,0,0,0.51,0.084375,0.0,0.999375,0.999062,0.348968,0.447467,0.689493
0007ab455476f960,xclick,/m/0bt9lr,1,0.001333,0.999333,0.0,0.999,1,1,0,0,0,0.785333,0.999333,0.692,0.001333,0.0,0.475,0.999,0.983
00083b384685315d,xclick,/m/015p6,1,0.414062,0.49375,0.385882,0.451765,0,0,0,0,0,0.465625,0.49375,0.464062,0.414062,0.385882,0.397647,0.44,0.451765
0008ab3d8674f6ca,xclick,/m/01yrx,1,0.099167,0.713333,0.396875,0.70625,0,0,0,0,0,0.465833,0.713333,0.590833,0.099167,0.396875,0.543125,0.70625,0.466875
0008c70f64391581,activemil,/m/03vt0,1,0.005714,0.894286,0.1,0.9825,-1,-1,-1,-1,-1,-1.0,-1.0,-1.0,-1.0,-1.0,-1.0,-1.0,-1.0
0008c70f64391581,xclick,/m/015p6,1,0.011429,0.997143,0.13,0.9975,1,1,1,0,0,0.305714,0.997143,0.571429,0.011429,0.13,0.515,0.9975,0.515
0008c70f64391581,xclick,/m/015p6,1,0.554286,0.817143,0.105,0.405,1,0,0,0,0,0.74,0.554286,0.614286,0.817143,0.105,0.255,0.405,0.325
0008cf211699d6a5,xclick,/m/0bt9lr,1,0.0,0.685625,0.005833,0.999167,1,1,0,0,0,0.644375,0.685625,0.55375,0.0,0.005833,0.388333,0.999167,0.160833
00092fa0c421c8c0,xclick,/m/0bt9lr,1,0.0,0.91125,0.0,0.998333,0,1,0,0,0,0.46625,0.91125,0.0,0.14875,0.0,0.331667,0.876667,0.998333
0009450a8ed12bd4,xclick,/m/01g317,1,0.73875,0.91875,0.098333,0.993333,0,0,0,0,0,0.77375,0.81,0.91875,0.73875,0.993333,0.098333,0.311667,0.873333
0009450a8ed12bd4,xclick,/m/05s2s,1,0.0,0.75625,0.143333,0.776667,1,1,0,0,0,0.0,0.75625,0.0,0.0,0.26,0.143333,0.776667,0.776667
0009450a8ed12bd4,xclick,/m/05s2s,1,0.28125,0.305,0.37,0.401667,0,0,0,0,0,0.2825,0.28125,0.29625,0.305,0.401667,0.38,0.37,0.4
0009450a8ed12bd4,xclick,/m/05s2s,1,0.36375,0.4475,0.273333,0.348333,0,0,0,0,0,0.36375,0.43625,0.4475,0.4475,0.348333,0.273333,0.298333,0.306667
0009450a8ed12bd4,xclick,/m/05s2s,1,0.5875,0.645,0.94,0.998333,0,1,0,0,0,0.61,0.5875,0.615,0.645,0.998333,0.96,0.94,0.998333
0009450a8ed12bd4,xclick,/m/05s2s,1,0.6025,0.655,0.198333,0.228333,0,0,0,0,0,0.6025,0.635,0.65375,0.655,0.228333,0.2,0.198333,0.208333
0009450a8ed12bd4,xclick,/m/05s2s,1,0.61,0.665,0.773333,0.885,0,0,0,0,0,0.63375,0.655,0.61,0.665,0.773333,0.885,0.855,0.815
0009450a8ed12bd4,xclick,/m/05s2s,1,0.62,0.65125,0.908333,0.941667,0,0,0,0,0,0.62125,0.62,0.6275,0.65125,0.941667,0.918333,0.908333,0.933333
0009450a8ed12bd4,xclick,/m/05s2s,1,0.66375,0.7525,0.706667,0.886667,1,0,0,0,0,0.66375,0.72125,0.7525,0.75,0.803333,0.706667,0.743333,0.886667
0009450a8ed12bd4,xclick,/m/05s2s,1,0.66375,0.755,0.873333,0.958333,0,0,0,0,0,0.66375,0.75125,0.755,0.69,0.91,0.873333,0.903333,0.958333
0009450a8ed12bd4,xclick,/m/05s2s,1,0.6725,0.74875,0.956667,0.996667,0,1,0,0,0,0.6725,0.715,0.74875,0.73625,0.958333,0.956667,0.99,0.996667
0009450a8ed12bd4,xclick,/m/05s2s,1,0.83375,0.895,0.693333,0.806667,1,0,0,0,0,0.83375,0.8525,0.88625,0.895,0.743333,0.693333,0.733333,0.806667
0009450a8ed12bd4,xclick,/m/05s2s,1,0.85375,0.94875,0.826667,0.893333,1,0,0,0,0,0.92,0.94875,0.935,0.85375,0.826667,0.855,0.871667,0.893333
0009450a8ed12bd4,xclick,/m/05s2s,1,0.88,0.96375,0.89,0.993333,0,1,0,0,0,0.88,0.93,0.96375,0.96375,0.968333,0.89,0.993333,0.993333
0009450a8ed12bd4,xclick,/m/05s2s,1,0.88,0.99875,0.133333,0.191667,0,1,0,0,0,0.99875,0.97125,0.99875,0.88,0.191667,0.161667,0.133333,0.133333
0009450a8ed12bd4,xclick,/m/0bt9lr,1,0.39125,0.465,0.433333,0.631667,1,0,0,0,0,0.45,0.39125,0.4325,0.465,0.631667,0.575,0.433333,0.516667
00096d55fb575b59,xclick,/m/01gkx_,1,0.371875,0.6075,0.724883,0.892958,1,0,0,0,0,0.45625,0.371875,0.416875,0.6075,0.724883,0.882629,0.892958,0.865728
00096d55fb575b59,xclick,/m/0bt9lr,1,0.181875,0.5125,0.391549,0.999061,1,0,1,0,0,0.181875,0.439375,0.5125,0.42375,0.917371,0.999061,0.93615,0.391549
00096d55fb575b59,xclick,/m/0bt9lr,1,0.42625,0.7675,0.455399,0.970892,1,0,0,0,0,0.7675,0.51375,0.42625,0.72625,0.803756,0.970892,0.591549,0.455399
000a3f4144bf73ba,xclick,/m/0bt9lr,1,0.078333,0.96,0.180645,0.933333,1,0,0,0,0,0.505,0.96,0.29,0.078333,0.180645,0.529032,0.933333,0.572043
000aa552a9d80891,xclick,/m/01yrx,1,0.0,0.7725,0.0,0.998889,0,1,0,0,0,0.7725,0.5275,0.0,0.244375,0.682222,0.0,0.404444,0.998889
000acf666d991c39,xclick,/m/0bt9lr,1,0.1775,0.749375,0.461251,0.999066,1,1,0,0,0,0.42375,0.1775,0.608125,0.749375,0.461251,0.601307,0.999066,0.989729
000acf666d991c39,xclick,/m/0bt9lr,1,0.449375,0.999375,0.038282,0.999066,0,1,0,0,0,0.753125,0.449375,0.818125,0.999375,0.038282,0.729225,0.999066,0.794585
000b4796f7fb05df,xclick,/m/015p6,1,0.39875,0.47,0.2925,0.341667,1,0,0,0,0,0.418125,0.39875,0.47,0.450625,0.2925,0.306667,0.335833,0.341667
000b97d7af0977eb,xclick,/m/0bt9lr,1,0.345625,0.71,0.214167,0.689167,1,0,0,0,0,0.433125,0.345625,0.71,0.5625,0.214167,0.245,0.403333,0.689167
000b97d7af0977eb,xclick,/m/0h8n6f9,1,0.05,0.814375,0.450833,0.999167,1,0,0,0,0,0.456875,0.05,0.814375,0.384375,0.450833,0.745833,0.615,0.999167
000bd897ca7df023,xclick,/m/01g317,1,0.411875,0.90625,0.0,0.996248,1,0,0,1,0,0.581875,0.411875,0.90625,0.9025,0.0,0.71576,0.974672,0.996248
000bd897ca7df023,xclick,/m/01yrx,1,0.168125,0.435,0.223265,0.815197,0,0,0,1,0,0.296875,0.168125,0.2625,0.435,0.223265,0.273921,0.815197,0.447467
000bd897ca7df023,xclick,/m/04hgtk,1,0.496875,0.69,0.0,0.346154,0,0,0,1,0,0.593125,0.496875,0.69,0.586875,0.0,0.197936,0.139775,0.346154
000be7f100f1f8ef,activemil,/m/0h8n6f9,1,0.07125,0.755,0.215,0.9975,-1,-1,-1,-1,-1,-1.0,-1.0,-1.0,-1.0,-1.0,-1.0,-1.0,-1.0
000be7f100f1f8ef,xclick,/m/0bt9lr,1,0.060625,0.75125,0.216667,0.999167,0,1,0,0,0,0.060625,0.139375,0.5875,0.75125,0.995,0.999167,0.216667,0.993333
000be7f100f1f8ef,xclick,/m/0bt9lr,1,0.13,0.929375,0.0,0.239167,1,1,0,0,0,0.495625,0.13,0.421875,0.929375,0.0,0.0,0.239167,0.0
000c01d8269e1554,xclick,/m/01lynh,1,0.157451,0.869728,0.79875,0.995625,0,1,0,0,0,0.823805,0.869728,0.157451,0.242737,0.79875,0.99375,0.995625,0.800625
000c01d8269e1554,xclick,/m/0bt9lr,1,0.360825,0.626992,0.43125,0.80875,1,0,0,0,0,0.563261,0.360825,0.445173,0.626992,0.43125,0.73875,0.80875,0.585
000c24660cd3fd95,xclick,/m/01yrx,1,0.089,0.914,0.098,0.911,0,1,0,1,0,0.914,0.595,0.635,0.089,0.852,0.911,0.098,0.531
000c651c2aeb5619,xclick,/m/015p6,1,0.22375,0.916875,0.277083,0.85,1,0,0,0,0,0.22375,0.280625,0.916875,0.873125,0.366667,0.277083,0.813542,0.85
000d605352a36dd1,xclick,/m/015p6,1,0.0,0.999375,0.0,0.999059,1,1,1,0,0,0.76625,0.999375,0.54375,0.0,0.0,0.335842,0.999059,0.616181
000d605352a36dd1,xclick,/m/015p6,1,0.400625,0.50375,0.537159,0.82032,1,0,0,0,0,0.45875,0.50375,0.439375,0.400625,0.537159,0.711195,0.82032,0.75635
000d605352a36dd1,xclick,/m/01h44,1,0.0,0.05,0.75635,0.985889,1,1,0,0,0,0.020625,0.05,0.004375,0.0,0.75635,0.912512,0.985889,0.920038
000d605352a36dd1,xclick,/m/01h44,1,0.035,0.109375,0.0,0.183443,1,1,0,0,0,0.066875,0.035,0.064375,0.109375,0.183443,0.131703,0.0,0.110066
000d605352a36dd1,xclick,/m/01h44,1,0.053125,0.125625,0.667921,0.91063,1,0,0,0,0,0.0875,0.09875,0.053125,0.125625,0.667921,0.91063,0.875823,0.806209
000d605352a36dd1,xclick,/m/01h44,1,0.10125,0.214375,0.0,0.324553,1,1,0,0,0,0.171875,0.10125,0.14875,0.214375,0.324553,0.227658,0.0,0.098777
000d605352a36dd1,xclick,/m/01h44,1,0.123125,0.20375,0.841016,0.999059,1,1,0,0,0,0.161875,0.20375,0.123125,0.123125,0.841016,0.999059,0.997178,0.997178
000d605352a36dd1,xclick,/m/01h44,1,0.19875,0.305,0.110066,0.361242,1,1,0,0,0,0.23625,0.24125,0.19875,0.305,0.110066,0.361242,0.33396,0.232361
000d605352a36dd1,xclick,/m/01h44,1,0.205625,0.331875,0.708373,0.982126,1,0,0,0,0,0.24375,0.331875,0.25375,0.205625,0.708373,0.822201,0.982126,0.937912
000d605352a36dd1,xclick,/m/01h44,1,0.256875,0.323125,0.002822,0.25682,1,1,0,0,0,0.313125,0.256875,0.2825,0.323125,0.25682,0.158984,0.002822,0.106303
000d605352a36dd1,xclick,/m/01h44,1,0.285,0.380625,0.495767,0.758231,1,0,0,0,0,0.3425,0.34625,0.285,0.380625,0.495767,0.758231,0.690499,0.625588
000d605352a36dd1,xclick,/m/01h44,1,0.314375,0.365625,0.0,0.210724,1,1,0,0,0,0.34875,0.314375,0.33375,0.365625,0.210724,0.095014,0.0,0.0
000d605352a36dd1,xclick,/m/01h44,1,0.3425,0.4475,0.056444,0.353716,1,0,0,0,0,0.410625,0.419375,0.3425,0.4475,0.056444,0.353716,0.311383,0.222013
000d605352a36dd1,xclick,/m/01h44,1,0.360625,0.420625,0.35936,0.60207,1,0,0,0,0,0.39875,0.39,0.360625,0.420625,0.35936,0.60207,0.550329,0.513641
000d605352a36dd1,xclick,/m/01h44,1,0.40125,0.501875,0.543744,0.816557,1,0,0,0,0,0.458125,0.501875,0.44875,0.40125,0.543744,0.70461,0.816557,0.760113
000d605352a36dd1,xclick,/m/01h44,1,0.484375,0.55,0.302916,0.561618,1,0,0,0,0,0.521875,0.520625,0.484375,0.55,0.302916,0.561618,0.475071,0.484478
000d605352a36dd1,xclick,/m/01h44,1,0.526875,0.586875,0.067733,0.302916,1,0,0,0,0,0.575625,0.569375,0.526875,0.586875,0.067733,0.302916,0.264346,0.193791
000d605352a36dd1,xclick,/m/01h44,1,0.555,0.65125,0.806209,0.999059,1,1,0,0,0,0.624375,0.555,0.65125,0.65125,0.806209,0.999059,0.999059,0.999059
000d605352a36dd1,xclick,/m/01h44,1,0.583125,0.65125,0.388523,0.638758,1,0,0,0,0,0.619375,0.61125,0.583125,0.65125,0.388523,0.638758,0.542803,0.469426
000d605352a36dd1,xclick,/m/01h44,1,0.595,0.675625,0.0,0.06397,1,1,0,0,0,0.629375,0.595,0.60875,0.675625,0.06397,0.0508,0.0,0.010348
000d605352a36dd1,xclick,/m/01h44,1,0.685625,0.781875,0.0,0.083725,1,1,0,0,0,0.75875,0.685625,0.718125,0.781875,0.083725,0.010348,0.0,0.015992
000d605352a36dd1,xclick,/m/01h44,1,0.69875,0.75875,0.071496,0.299153,1,0,0,0,0,0.735625,0.725625,0.69875,0.75875,0.071496,0.299153,0.25682,0.201317
000d605352a36dd1,xclick,/m/01h44,1,0.741875,0.831875,0.561618,0.841016,1,0,0,0,0,0.805,0.769375,0.741875,0.831875,0.561618,0.841016,0.800564,0.752587
000d605352a36dd1,xclick,/m/01h44,1,0.765,0.893125,0.158984,0.361242,1,0,0,0,0,0.820625,0.825625,0.765,0.893125,0.158984,0.361242,0.264346,0.289746
000d605352a36dd1,xclick,/m/01h44,1,0.828125,0.933125,0.480715,0.71778,1,0,0,0,0,0.90875,0.86875,0.828125,0.933125,0.480715,0.71778,0.64064,0.590781
000d605352a36dd1,xclick,/m/01h44,1,0.830625,0.91,0.002822,0.11477,1,0,0,0,0,0.871875,0.830625,0.836875,0.91,0.11477,0.052681,0.002822,0.081844
000d605352a36dd1,xclick,/m/01h44,1,0.85875,0.935625,0.648166,0.822201,1,0,0,0,0,0.90375,0.9,0.85875,0.935625,0.648166,0.822201,0.772342,0.741298
000d605352a36dd1,xclick,/m/01h44,1,0.879375,0.944375,0.223895,0.467545,1,0,0,0,0,0.91625,0.9175,0.879375,0.944375,0.223895,0.467545,0.386642,0.430856
000d605352a36dd1,xclick,/m/01h44,1,0.888125,0.999375,0.0,0.150517,1,1,0,0,0,0.9625,0.888125,0.928125,0.999375,0.150517,0.032926,0.0,0.111947
000d605352a36dd1,xclick,/m/01h44,1,0.925625,0.983125,0.16651,0.493885,1,0,0,0,0,0.96625,0.96875,0.983125,0.925625,0.16651,0.493885,0.326435,0.330198
000d605352a36dd1,xclick,/m/07j7r,1,0.0,0.999375,0.0,0.999059,0,1,0,0,0,0.430625,0.0,0.340625,0.999375,0.0,0.393227,0.999059,0.422389
000f24d363c4b66c,xclick,/m/0bt9lr,1,0.20375,0.53,0.005833,0.999167,1,1,0,0,0,0.20375,0.33375,0.53,0.39875,0.365833,0.999167,0.995833,0.005833
000f6e054dde03c8,xclick,/m/015p6,1,0.321212,0.848485,0.341935,0.783871,0,0,0,0,0,0.321212,0.515152,0.446061,0.848485,0.458065,0.783871,0.341935,0.698387
00100fe58a324932,xclick,/m/01g317,1,0.0,0.998438,0.00625,0.997917,1,1,0,0,0,0.304688,0.0,0.998438,0.940625,0.00625,0.7875,0.96875,0.997917
00100fe58a324932,xclick,/m/039xj_,1,0.10625,0.159375,0.0,0.122917,1,1,0,0,0,0.125,0.10625,0.1375,0.159375,0.0,0.014583,0.122917,0.108333
00100fe58a324932,xclick,/m/09j2d,1,0.0,0.395312,0.254167,0.997917,1,1,0,0,0,0.13125,0.0,0.134375,0.395312,0.254167,0.58125,0.997917,0.754167
00100fe58a324932,xclick,/m/0bt9lr,1,0.278125,0.83125,0.283333,0.997917,1,1,0,0,0,0.73125,0.83125,0.473438,0.278125,0.997917,0.766667,0.283333,0.560417
00100fe58a324932,xclick,/m/0dzct,1,0.15625,0.484375,0.0,0.275,0,1,0,0,0,0.353125,0.15625,0.484375,0.329688,0.0,0.0,0.004167,0.275
00100fe58a324932,xclick,/m/0k0pj,1,0.289062,0.382812,0.0,0.025,0,1,0,0,0,0.320312,0.289062,0.382812,0.33125,0.0,0.004167,0.014583,0.025
001119b7264d31c8,xclick,/m/015p6,1,0.224375,0.5475,0.109943,0.879547,1,0,0,0,0,0.315,0.224375,0.50875,0.5475,0.109943,0.163298,0.879547,0.856912
001175fd73c3039b,xclick,/m/01yrx,1,0.0,0.639535,0.005168,0.981912,0,1,0,0,0,0.467054,0.639535,0.0,0.0,0.005168,0.630491,0.981912,0.379845
00126bd470298515,xclick,/m/0bt9lr,1,0.096875,0.755,0.0,0.999056,1,1,0,0,0,0.24125,0.755,0.28875,0.096875,0.0,0.315392,0.999056,0.18508
00129ccb99612727,xclick,/m/01yrx,1,0.009375,0.999219,0.052083,0.816667,0,1,0,0,0,0.482812,0.999219,0.450781,0.009375,0.052083,0.357292,0.816667,0.49375
0012d875044bfa35,xclick,/m/0bt9lr,1,0.288125,0.77125,0.068889,0.854444,0,0,0,0,0,0.288125,0.66625,0.77125,0.5125,0.656667,0.068889,0.642222,0.854444
0012f1c145573ce2,xclick,/m/04yx4,1,0.027344,0.785156,0.317708,0.998698,1,1,0,0,0,0.337891,0.511719,0.785156,0.027344,0.317708,0.998698,0.860677,0.864583
0012f1c145573ce2,xclick,/m/04yx4,1,0.048828,0.646484,0.0,0.584635,1,1,0,0,0,0.457031,0.048828,0.058594,0.646484,0.0,0.546875,0.584635,0.041667
0012f1c145573ce2,xclick,/m/06msq,1,0.0,0.623047,0.0,0.72526,0,0,0,0,0,0.611328,0.064453,0.0,0.623047,0.0,0.278646,0.72526,0.580729
0012f1c145573ce2,xclick,/m/06msq,1,0.564453,0.865234,0.503906,0.970052,1,0,0,0,0,0.603516,0.564453,0.603516,0.865234,0.503906,0.946615,0.970052,0.855469
0012f1c145573ce2,xclick,/m/0bt9lr,1,0.572266,0.865234,0.510417,0.973958,1,0,0,1,0,0.609375,0.865234,0.601562,0.572266,0.510417,0.915365,0.973958,0.957031
0012f1c145573ce2,xclick,/m/0dzct,1,0.267578,0.441406,0.373698,0.539062,0,0,0,0,0,0.349609,0.267578,0.355469,0.441406,0.373698,0.446615,0.539062,0.438802
0012f1c145573ce2,xclick,/m/0dzct,1,0.402344,0.523438,0.050781,0.141927,0,0,0,1,0,0.457031,0.402344,0.429688,0.523438,0.050781,0.096354,0.141927,0.104167
0012f1c145573ce2,xclick,/m/0fly7,1,0.037109,0.777344,0.796875,0.996094,1,1,0,0,0,0.037109,0.777344,0.646484,0.554688,0.920573,0.942708,0.796875,0.996094
0012f1c145573ce2,xclick,/m/0k65p,1,0.253906,0.457031,0.822917,0.945312,0,0,0,0,0,0.253906,0.388672,0.457031,0.351562,0.83724,0.822917,0.865885,0.945312
0012f1c145573ce2,xclick,/m/0k65p,1,0.408203,0.611328,0.898438,0.998698,0,1,0,0,0,0.550781,0.408203,0.474609,0.611328,0.998698,0.929688,0.898438,0.992188
0012f1c145573ce2,xclick,/m/0k65p,1,0.501953,0.585938,0.479167,0.540365,1,0,0,1,0,0.541016,0.501953,0.564453,0.585938,0.540365,0.501302,0.479167,0.509115
0013ae186a0c98c8,xclick,/m/0bt9lr,1,0.207317,0.820826,0.43,0.8025,1,0,0,0,0,0.687617,0.820826,0.207317,0.56379,0.43,0.586875,0.55625,0.8025
0013bf1bf2cdd4fe,xclick,/m/02dgv,1,0.0,0.086875,0.18,0.589167,1,1,0,0,0,0.0,0.086875,0.07625,0.0,0.580833,0.589167,0.18,0.195
0013bf1bf2cdd4fe,xclick,/m/02dgv,1,0.499375,0.730625,0.3175,0.618333,1,0,0,0,0,0.499375,0.51375,0.730625,0.729375,0.5925,0.3175,0.618333,0.613333
0013bf1bf2cdd4fe,xclick,/m/0bt9lr,1,0.74125,0.966875,0.323333,0.845833,1,0,0,0,0,0.90375,0.74125,0.945,0.966875,0.323333,0.5475,0.845833,0.6025
0013bf1bf2cdd4fe,xclick,/m/0c_jw,1,0.72,0.830625,0.0,0.145,0,1,0,0,0,0.733125,0.72,0.830625,0.73875,0.0,0.134167,0.065,0.145
0013bf1bf2cdd4fe,xclick,/m/0fly7,1,0.646875,0.836875,0.299167,0.356667,1,0,0,0,0,0.721875,0.649375,0.646875,0.836875,0.356667,0.299167,0.334167,0.306667
0013bf1bf2cdd4fe,xclick,/m/0fly7,1,0.71375,0.926875,0.285833,0.633333,1,0,0,0,0,0.8975,0.926875,0.71375,0.73875,0.285833,0.308333,0.58,0.633333
0013eebbcafa70e5,xclick,/m/01yrx,1,0.281875,0.746875,0.215833,0.856667,0,0,0,0,0,0.7325,0.746875,0.484375,0.281875,0.215833,0.25,0.856667,0.685833
0013eebbcafa70e5,xclick,/m/0h8nm9j,1,0.1125,0.8,0.126667,0.999167,1,1,0,0,0,0.1125,0.446875,0.8,0.7325,0.8925,0.999167,0.8925,0.126667
0014169878a84bd5,xclick,/m/0bt9lr,1,0.059375,0.88875,0.281667,0.7425,0,0,0,0,0,0.059375,0.278125,0.88875,0.35125,0.464167,0.281667,0.569167,0.7425
00142fa70fe03ffa,xclick,/m/01yrx,1,0.0,0.999231,0.0,0.999071,0,1,0,0,0,0.999231,0.44,0.0,0.500769,0.743494,0.999071,0.723048,0.0
001440d016055ef5,xclick,/m/015p6,1,0.053435,0.103053,0.874138,0.92931,0,0,0,0,0,0.084733,0.103053,0.1,0.053435,0.874138,0.92069,0.92931,0.924138
001440d016055ef5,xclick,/m/015p6,1,0.259542,0.306107,0.693103,0.763793,0,0,0,0,0,0.264122,0.306107,0.283206,0.259542,0.693103,0.725862,0.763793,0.705172
001440d016055ef5,xclick,/m/015p6,1,0.296183,0.339695,0.627586,0.662069,0,0,0,0,0,0.321374,0.339695,0.321374,0.296183,0.627586,0.653448,0.662069,0.653448
001440d016055ef5,xclick,/m/015p6,1,0.403817,0.446565,0.748276,0.772414,0,0,0,0,0,0.427481,0.446565,0.424427,0.403817,0.748276,0.767241,0.772414,0.760345
001440d016055ef5,xclick,/m/015p6,1,0.403817,0.454198,0.560345,0.627586,0,0,0,0,0,0.454198,0.433588,0.403817,0.403817,0.575862,0.627586,0.560345,0.568966
001440d016055ef5,xclick,/m/015p6,1,0.470992,0.503053,0.674138,0.722414,0,0,0,0,0,0.482443,0.503053,0.487786,0.470992,0.674138,0.696552,0.722414,0.696552
0014968c722c4bbf,xclick,/m/0bt9lr,1,0.321875,0.676562,0.309133,0.997658,1,1,0,0,0,0.490625,0.321875,0.439063,0.676562,0.309133,0.686183,0.997658,0.953162
0014968c722c4bbf,xclick,/m/0k4j,1,0.084375,0.296875,0.0,0.128806,1,1,0,0,0,0.20625,0.296875,0.198437,0.084375,0.0,0.037471,0.128806,0.035129
0014968c722c4bbf,xclick,/m/0k4j,1,0.504687,0.925,0.0,0.185012,0,1,0,0,0,0.6,0.504687,0.925,0.820312,0.0,0.114754,0.114754,0.185012
0014b5e8b9147217,xclick,/m/015p6,1,0.196778,0.63061,0.135283,0.735832,1,0,0,0,0,0.544304,0.63061,0.423475,0.196778,0.135283,0.19287,0.735832,0.467093
0014bd425c9a203e,xclick,/m/01yrx,1,0.08,0.9975,0.0,0.996255,0,1,0,0,0,0.475,0.9975,0.86,0.08,0.0,0.775281,0.996255,0.970037
00153bd4b08d8457,xclick,/m/015p6,1,0.28375,0.75875,0.206078,0.57265,0,0,0,0,0,0.75875,0.28375,0.740625,0.485625,0.220323,0.528965,0.206078,0.57265
001585b6966faee0,xclick,/m/015p6,1,0.033125,0.98,0.138837,0.846154,0,0,0,0,0,0.033125,0.396875,0.98,0.614375,0.576923,0.846154,0.753283,0.138837
001585b6966faee0,xclick,/m/07j7r,1,0.75125,0.97375,0.0,0.296435,1,1,0,0,0,0.8925,0.75125,0.87875,0.97375,0.0,0.001876,0.296435,0.001876
0016285d687bf97a,xclick,/m/01g317,1,0.0,0.997175,0.195625,0.996875,0,1,0,0,0,0.586629,0.0,0.997175,0.581921,0.195625,0.615625,0.724375,0.996875
0016285d687bf97a,xclick,/m/035r7c,1,0.000942,0.116761,0.888125,0.999375,0,1,0,0,0,0.000942,0.002825,0.116761,0.116761,0.888125,0.999375,0.99375,0.99375
0016285d687bf97a,xclick,/m/0bt9lr,1,0.0,0.501883,0.135625,0.94,1,1,0,0,0,0.154426,0.0,0.501883,0.47081,0.135625,0.665,0.914375,0.94
0016285d687bf97a,xclick,/m/0bt9lr,1,0.596987,0.999058,0.2775,0.999375,1,1,0,0,0,0.6742,0.999058,0.766478,0.596987,0.2775,0.665,0.999375,0.569375
00164b0a643be85b,xclick,/m/0bt9lr,1,0.448125,0.5375,0.377111,0.511257,1,0,0,0,0,0.4725,0.448125,0.5375,0.491875,0.377111,0.401501,0.43621,0.511257
00168ee88d966565,xclick,/m/0bt9lr,1,0.323125,0.404375,0.563333,0.756667,0,0,0,0,0,0.38875,0.360625,0.323125,0.404375,0.563333,0.756667,0.6,0.598333
00168ee88d966565,xclick,/m/0bt9lr,1,0.495625,0.569375,0.611667,0.7625,0,0,0,0,0,0.5475,0.569375,0.52125,0.495625,0.611667,0.644167,0.7625,0.665
0016a719395bc945,xclick,/m/0306r,1,0.321875,0.999375,0.030075,0.99906,0,1,0,0,0,0.4875,0.999375,0.926875,0.321875,0.030075,0.529135,0.99906,0.667293
0016a719395bc945,xclick,/m/0bt9lr,1,0.38,0.999375,0.035714,0.99906,0,1,0,0,0,0.4875,0.38,0.8325,0.999375,0.035714,0.542293,0.99906,0.760338
0016cb8f06d33168,xclick,/m/01g317,1,0.512881,0.983607,0.134375,0.79375,1,0,0,0,0,0.674473,0.983607,0.929742,0.512881,0.134375,0.7125,0.79375,0.492188
0016cb8f06d33168,xclick,/m/0bt9lr,1,0.042155,0.543326,0.5375,0.784375,1,0,0,0,0,0.145199,0.543326,0.494145,0.042155,0.5375,0.698438,0.784375,0.592187
0016eb70587f37d4,xclick,/m/015p6,1,0.046875,0.60125,0.411875,0.833125,0,0,0,0,0,0.499375,0.046875,0.60125,0.54,0.411875,0.6125,0.474375,0.833125
0016efb302b19d35,xclick,/m/015p6,1,0.181875,0.625625,0.33875,0.5675,1,0,0,0,0,0.47875,0.625625,0.280625,0.181875,0.33875,0.4825,0.5675,0.4925
0016efb302b19d35,xclick,/m/015p6,1,0.333125,0.800625,0.433125,0.635,1,0,0,0,0,0.484375,0.333125,0.800625,0.725625,0.433125,0.495625,0.56375,0.635
0016fd49ab8c05b2,xclick,/m/01g317,1,0.197,0.425,0.0,0.25937,0,1,0,0,0,0.38,0.425,0.369,0.197,0.0,0.070465,0.25937,0.238381
0016fd49ab8c05b2,xclick,/m/01g317,1,0.539,0.704,0.0,0.145427,1,1,0,0,0,0.603,0.628,0.704,0.539,0.0,0.145427,0.134933,0.016492
0016fd49ab8c05b2,xclick,/m/01g317,1,0.79,0.999,0.0,0.998501,0,1,0,0,0,0.917,0.79,0.914,0.999,0.0,0.236882,0.998501,0.416792
0016fd49ab8c05b2,xclick,/m/031n1,1,0.006,0.102,0.136432,0.271364,1,0,0,0,0,0.06,0.006,0.039,0.102,0.136432,0.215892,0.271364,0.247376
0016fd49ab8c05b2,xclick,/m/031n1,1,0.627,0.681,0.038981,0.115442,1,0,0,0,0,0.627,0.652,0.681,0.641,0.07946,0.038981,0.062969,0.115442
0016fd49ab8c05b2,xclick,/m/09j5n,1,0.037,0.094,0.175412,0.257871,1,0,0,0,0,0.056,0.094,0.058,0.037,0.175412,0.245877,0.257871,0.230885
0016fd49ab8c05b2,xclick,/m/09j5n,1,0.223,0.268,0.194903,0.257871,1,0,0,0,0,0.232,0.268,0.26,0.223,0.194903,0.22039,0.257871,0.247376
0016fd49ab8c05b2,xclick,/m/09j5n,1,0.318,0.387,0.17991,0.266867,0,0,0,0,0,0.364,0.318,0.36,0.387,0.266867,0.244378,0.17991,0.241379
0016fd49ab8c05b2,xclick,/m/09j5n,1,0.637,0.691,0.056972,0.143928,0,0,0,0,0,0.663,0.637,0.652,0.691,0.056972,0.122939,0.143928,0.142429
0016fd49ab8c05b2,xclick,/m/0bt9lr,1,0.48,0.764,0.088456,0.308846,0,0,0,0,0,0.533,0.48,0.764,0.592,0.088456,0.28036,0.287856,0.308846
00176417fa2020e7,xclick,/m/0bt9lr,1,0.0,0.58625,0.083333,0.999167,0,1,0,0,0,0.205,0.58625,0.24625,0.0,0.083333,0.625833,0.999167,0.76
00178f2f5ed06d6a,xclick,/m/015p6,1,0.325833,0.8675,0.460581,0.717842,0,0,0,0,0,0.583333,0.325833,0.8675,0.605,0.460581,0.536653,0.573997,0.717842
00178f2f5ed06d6a,xclick,/m/015p6,1,0.513333,0.865,0.360996,0.692946,1,0,0,0,0,0.56,0.513333,0.745833,0.865,0.360996,0.427386,0.692946,0.61964
001799237d3ed58e,xclick,/m/0bt9lr,1,0.05125,0.88125,0.180113,0.712946,1,0,0,0,0,0.05125,0.439375,0.88125,0.77875,0.515009,0.180113,0.535647,0.712946
00179dab1251271b,xclick,/m/02wmf,1,0.37875,0.645625,0.458924,0.716714,1,0,0,0,0,0.37875,0.645625,0.509375,0.513125,0.571294,0.556185,0.458924,0.716714
00179dab1251271b,xclick,/m/0bt9lr,1,0.4575,0.999375,0.0,0.999056,1,1,0,0,0,0.955625,0.999375,0.525625,0.4575,0.0,0.563739,0.999056,0.468366
00179dab1251271b,xclick,/m/0bt9lr,1,0.551875,0.999375,0.265345,0.853635,1,1,0,0,0,0.551875,0.56375,0.999375,0.68625,0.27101,0.265345,0.392823,0.853635
00183d5202f5f9de,xclick,/m/015p6,1,0.128125,0.19625,0.593957,0.650614,1,0,0,0,0,0.14125,0.128125,0.19625,0.15375,0.593957,0.601511,0.615675,0.650614
00183d5202f5f9de,xclick,/m/015p6,1,0.21,0.286875,0.628895,0.717658,1,0,0,0,0,0.22,0.286875,0.236875,0.21,0.628895,0.671388,0.717658,0.671388
00183d5202f5f9de,xclick,/m/015p6,1,0.431875,0.491875,0.576959,0.645892,1,0,0,0,0,0.440625,0.491875,0.46125,0.431875,0.576959,0.584514,0.645892,0.592068
00183d5202f5f9de,xclick,/m/015p6,1,0.481875,0.555,0.590179,0.67611,1,0,0,0,0,0.498125,0.481875,0.5075,0.555,0.590179,0.611898,0.67611,0.606232
00183d5202f5f9de,xclick,/m/015p6,1,0.608125,0.67375,0.542021,0.610009,1,0,0,0,0,0.61875,0.67375,0.638125,0.608125,0.542021,0.560907,0.610009,0.551464
00183d5202f5f9de,xclick,/m/015p6,1,0.71875,0.759375,0.512748,0.560907,1,0,0,0,0,0.73,0.759375,0.740625,0.71875,0.512748,0.524079,0.560907,0.529745
00183d5202f5f9de,xclick,/m/015p6,1,0.7275,0.76625,0.491029,0.518414,1,0,0,0,0,0.7325,0.76625,0.753125,0.7275,0.491029,0.512748,0.518414,0.503305
00183d5202f5f9de,xclick,/m/015p6,1,0.758125,0.835,0.592068,0.671388,1,0,0,0,0,0.7675,0.835,0.793125,0.758125,0.592068,0.627007,0.671388,0.611898
00188d7f40a84793,xclick,/m/015p6,1,0.135,0.956875,0.087167,0.930589,0,0,0,0,0,0.76,0.956875,0.675625,0.135,0.087167,0.311542,0.930589,0.5795
0018a7c115fa7a5b,xclick,/m/01mzpv,1,0.715625,0.999375,0.383677,0.999062,1,1,0,0,0,0.72375,0.85,0.999375,0.715625,0.383677,0.999062,0.757036,0.424015
0018a7c115fa7a5b,xclick,/m/0bt9lr,1,0.26125,0.46875,0.591932,0.870544,1,0,0,0,0,0.32,0.26125,0.46875,0.439375,0.591932,0.637899,0.663227,0.870544
0018a7c115fa7a5b,xclick,/m/0bt9lr,1,0.315,0.625,0.344278,0.639775,1,0,0,0,0,0.5775,0.625,0.315,0.41625,0.344278,0.511257,0.467167,0.639775
0018e9995b29da7a,xclick,/m/01yrx,1,0.0,0.999317,0.0,0.998975,0,1,0,0,0,0.413934,0.0,0.429645,0.999317,0.0,0.345287,0.998975,0.599385
0019757ca6f64107,xclick,/m/01yrx,1,0.0,0.879375,0.1325,0.79,1,0,0,0,0,0.85875,0.879375,0.8175,0.0,0.1325,0.416667,0.79,0.53
0019edb653711193,xclick,/m/01yrx,1,0.16125,0.784375,0.207778,0.842222,0,0,0,0,0,0.681875,0.784375,0.28,0.16125,0.207778,0.537778,0.842222,0.393333
001a23c9dd973787,xclick,/m/0bt9lr,1,0.029375,0.544375,0.1225,0.766667,0,0,0,0,0,0.185625,0.544375,0.355625,0.029375,0.1225,0.489167,0.766667,0.41
001a64b9a9259f3e,xclick,/m/0bt9lr,1,0.237305,0.59082,0.557292,0.998698,1,1,0,0,0,0.59082,0.458008,0.237305,0.458984,0.845052,0.557292,0.809896,0.998698
001a6a36db18a4d9,xclick,/m/015p6,1,0.448125,0.49625,0.795833,0.833333,1,0,0,0,0,0.46375,0.448125,0.49625,0.4725,0.795833,0.805833,0.816667,0.833333
001a6a36db18a4d9,xclick,/m/015p6,1,0.636875,0.65875,0.815833,0.8575,1,0,0,0,0,0.64625,0.636875,0.644375,0.65875,0.815833,0.8275,0.8575,0.845
001a6a36db18a4d9,xclick,/m/07j7r,1,0.0,0.999375,0.0,0.66,0,1,1,0,0,0.0,0.689375,0.999375,0.694375,0.029167,0.0,0.445,0.66
001a8ef7d32b1fdc,xclick,/m/015p6,1,0.511824,0.561655,0.440657,0.626263,0,0,0,0,0,0.541385,0.561655,0.517736,0.511824,0.440657,0.546717,0.626263,0.531566
001aa1409442a07c,xclick,/m/0bt9lr,1,0.1125,0.85625,0.0,0.999167,0,1,0,0,0,0.563125,0.1125,0.1875,0.85625,0.999167,0.155833,0.0,0.288333
001aa1409442a07c,xclick,/m/0bt9lr,1,0.31125,0.38125,0.0,0.115833,0,1,0,0,0,0.34875,0.31125,0.345,0.38125,0.0,0.0075,0.115833,0.0725
001aa1409442a07c,xclick,/m/0bt9lr,1,0.64625,0.999375,0.0,0.579167,1,1,0,0,0,0.925,0.999375,0.64625,0.8575,0.0,0.183333,0.004167,0.579167
001ab84d87cc2400,xclick,/m/015p6,1,0.44125,0.499375,0.420263,0.525328,0,0,0,0,0,0.456875,0.44125,0.499375,0.494375,0.420263,0.443715,0.503752,0.525328
001ab84d87cc2400,xclick,/m/07j7r,1,0.0,0.568125,0.0,0.405253,1,1,1,0,0,0.0,0.568125,0.495625,0.07375,0.177298,0.060038,0.0,0.405253
001ab84d87cc2400,xclick,/m/07j7r,1,0.000625,0.999375,0.217636,0.999062,0,1,1,0,0,0.379375,0.414375,0.000625,0.999375,0.217636,0.999062,0.481238,0.688555
001ab84d87cc2400,xclick,/m/07j7r,1,0.50875,0.999375,0.0,0.523452,1,1,1,0,0,0.7575,0.784375,0.50875,0.999375,0.0,0.523452,0.10788,0.003752
001adacc7f6ddca5,xclick,/m/014sv8,1,0.527205,0.62758,0.25875,0.32875,0,0,0,0,0,0.558161,0.62758,0.62758,0.527205,0.32875,0.25875,0.315,0.27375
001adacc7f6ddca5,xclick,/m/014sv8,1,0.642589,0.742026,0.121875,0.21875,0,0,0,0,0,0.712008,0.650094,0.642589,0.742026,0.121875,0.21875,0.164375,0.19
001adacc7f6ddca5,xclick,/m/01g317,1,0.0,0.999062,0.0,0.52625,0,1,0,0,0,0.355535,0.536585,0.0,0.999062,0.52625,0.0,0.174375,0.2375
001adacc7f6ddca5,xclick,/m/01yrx,1,0.003752,0.985929,0.439375,0.999375,0,1,0,0,0,0.985929,0.003752,0.552533,0.34334,0.63375,0.5775,0.439375,0.999375
001adacc7f6ddca5,xclick,/m/0283dt1,1,0.423077,0.512195,0.123125,0.233125,0,0,0,0,0,0.428705,0.507505,0.512195,0.423077,0.233125,0.123125,0.171875,0.21625
001adacc7f6ddca5,xclick,/m/039xj_,1,0.385553,0.408068,0.315625,0.329375,1,0,0,0,0,0.385553,0.408068,0.403377,0.38743,0.3175,0.32375,0.329375,0.315625
001adacc7f6ddca5,xclick,/m/0dzct,1,0.320826,0.878987,0.034375,0.35375,0,0,0,0,0,0.534709,0.878987,0.320826,0.585366,0.034375,0.161875,0.189375,0.35375
001adacc7f6ddca5,xclick,/m/0k0pj,1,0.513133,0.653846,0.17,0.25375,0,0,0,0,0,0.653846,0.576923,0.513133,0.533771,0.241875,0.17,0.235,0.25375
001adacc7f6ddca5,xclick,/m/0k65p,1,0.049719,0.414634,0.371875,0.514375,1,0,0,0,0,0.22045,0.049719,0.414634,0.358349,0.371875,0.42125,0.47375,0.514375
001b283e93591cf4,xclick,/m/0bt9lr,1,0.08875,0.775625,0.15,0.999167,0,1,0,0,0,0.414375,0.08875,0.341875,0.775625,0.15,0.685,0.999167,0.7475
001b61e5094d71cb,xclick,/m/01yrx,1,0.313333,0.789167,0.51125,0.7675,0,0,0,0,0,0.313333,0.494167,0.789167,0.6375,0.705,0.51125,0.66375,0.7675
001be2342180e406,xclick,/m/0bt9lr,1,0.17625,0.961875,0.04,0.773333,1,0,0,1,0,0.186875,0.17625,0.961875,0.67625,0.04,0.05,0.680833,0.773333
001c3e16fa23bdc1,xclick,/m/015p6,1,0.27125,0.5625,0.0925,0.614167,0,0,0,0,0,0.32625,0.5625,0.55375,0.27125,0.0925,0.36,0.614167,0.41
001c9606f49c59c4,xclick,/m/015p6,1,0.181227,0.662639,0.214385,0.763485,0,0,0,0,0,0.330855,0.662639,0.313197,0.181227,0.214385,0.585062,0.763485,0.423237
001cecf004dc4778,xclick,/m/015p6,1,0.055664,0.063477,0.463932,0.485149,0,0,0,0,0,0.05957,0.063477,0.060547,0.055664,0.463932,0.46959,0.483734,0.485149
001cecf004dc4778,xclick,/m/015p6,1,0.091797,0.097656,0.53041,0.550212,0,0,0,0,0,0.094727,0.097656,0.094727,0.091797,0.53041,0.54314,0.550212,0.550212
001cecf004dc4778,xclick,/m/015p6,1,0.095703,0.109375,0.510608,0.53041,0,0,0,0,0,0.109375,0.105469,0.095703,0.099609,0.510608,0.514851,0.526167,0.53041
001cecf004dc4778,xclick,/m/015p6,1,0.12207,0.130859,0.514852,0.527581,0,0,0,0,0,0.12207,0.130859,0.128906,0.125977,0.514852,0.519095,0.524752,0.527581
001cecf004dc4778,xclick,/m/015p6,1,0.125,0.136719,0.407355,0.432815,0,0,0,0,0,0.125,0.136719,0.130859,0.125,0.410184,0.407355,0.422914,0.432815
001cecf004dc4778,xclick,/m/015p6,1,0.162109,0.169922,0.503536,0.519095,0,0,0,0,0,0.162109,0.169922,0.167969,0.164062,0.503536,0.503536,0.516266,0.519095
001cecf004dc4778,xclick,/m/015p6,1,0.162109,0.169922,0.547383,0.575672,0,0,0,0,0,0.164062,0.169922,0.165039,0.162109,0.547383,0.550212,0.575672,0.575672
001cecf004dc4778,xclick,/m/015p6,1,0.163086,0.175781,0.328147,0.35785,0,0,0,0,0,0.170898,0.175781,0.170898,0.163086,0.328147,0.34512,0.35785,0.347949
001cecf004dc4778,xclick,/m/015p6,1,0.186523,0.198242,0.377652,0.401697,0,0,0,0,0,0.192383,0.198242,0.192383,0.186523,0.381895,0.377652,0.401697,0.401697
001cecf004dc4778,xclick,/m/015p6,1,0.228516,0.243164,0.446959,0.480905,0,0,0,0,0,0.232422,0.243164,0.237305,0.228516,0.446959,0.46959,0.480905,0.463932
001cecf004dc4778,xclick,/m/015p6,1,0.263672,0.271484,0.413013,0.435644,0,0,0,0,0,0.263672,0.271484,0.268555,0.263672,0.413013,0.424328,0.435644,0.435644
001cecf004dc4778,xclick,/m/015p6,1,0.274414,0.28418,0.500707,0.521924,0,0,0,0,0,0.276367,0.28418,0.279297,0.274414,0.500707,0.519095,0.521924,0.520509
001cecf004dc4778,xclick,/m/015p6,1,0.282227,0.298828,0.438472,0.466761,0,0,0,0,0,0.294922,0.298828,0.287109,0.282227,0.438472,0.445545,0.466761,0.463932
001cecf004dc4778,xclick,/m/07j7r,1,0.049805,0.178711,0.595474,0.748232,0,0,0,0,0,0.104492,0.178711,0.09668,0.049805,0.595474,0.685997,0.748232,0.649222
001cecf004dc4778,xclick,/m/07j7r,1,0.226562,0.261719,0.640736,0.685997,0,0,0,0,0,0.256836,0.261719,0.25293,0.226562,0.640736,0.676096,0.685997,0.647808
001cecf004dc4778,xclick,/m/07j7r,1,0.266602,0.334961,0.613861,0.722772,0,0,0,0,0,0.313477,0.334961,0.325195,0.266602,0.613861,0.666195,0.722772,0.676096
001cecf004dc4778,xclick,/m/07j7r,1,0.34668,0.453125,0.579915,0.727016,0,0,0,0,0,0.375977,0.453125,0.376953,0.34668,0.579915,0.640736,0.727016,0.636492
001cecf004dc4778,xclick,/m/07j7r,1,0.438477,0.499023,0.619519,0.732673,0,0,0,0,0,0.489258,0.499023,0.442383,0.438477,0.619519,0.680339,0.732673,0.619519
001db4ea37f9c8b3,xclick,/m/0bt9lr,1,0.0,0.595,0.26735,0.915615,1,1,0,0,0,0.15875,0.0,0.0,0.595,0.26735,0.502366,0.915615,0.739748
001db4ea37f9c8b3,xclick,/m/0bt9lr,1,0.576875,0.999375,0.057571,0.958202,1,1,0,0,0,0.910625,0.999375,0.8675,0.576875,0.057571,0.29653,0.958202,0.822555
001e0b7c387bdd06,xclick,/m/0bt9lr,1,0.015986,0.999112,0.020013,0.999375,1,1,0,0,0,0.634103,0.999112,0.685613,0.015986,0.020013,0.689806,0.999375,0.250156
001e39ef5ce27e0a,xclick,/m/0bt9lr,1,0.23125,0.475625,0.352525,0.731313,1,0,0,0,0,0.266875,0.23125,0.2875,0.475625,0.352525,0.433333,0.731313,0.435354
001e39ef5ce27e0a,xclick,/m/0bt9lr,1,0.476875,0.75125,0.393939,0.742424,1,0,0,0,0,0.718125,0.75125,0.6875,0.476875,0.393939,0.450505,0.742424,0.425253
001ecac90c6f4457,xclick,/m/0bt9lr,1,0.303125,0.710938,0.378125,0.654688,1,0,0,0,0,0.601562,0.710938,0.560937,0.303125,0.378125,0.4625,0.654688,0.539062
001ed4dc220ca57f,xclick,/m/0bt9lr,1,0.09625,0.4925,0.050645,0.51105,1,0,0,0,0,0.33625,0.4925,0.09625,0.23125,0.050645,0.186924,0.101289,0.51105
001efa9e9adb51ed,xclick,/m/015p6,1,0.354167,0.729167,0.381836,0.802734,0,0,0,0,0,0.458333,0.729167,0.684896,0.354167,0.381836,0.741211,0.802734,0.56543
001f2aaae28c1b91,xclick,/m/0bt9lr,1,0.291745,0.999062,0.350625,0.999375,1,1,0,0,0,0.873358,0.999062,0.540338,0.291745,0.350625,0.601875,0.999375,0.644375
001f2bec02f16977,xclick,/m/01yrx,1,0.176875,0.455,0.348333,0.7275,0,1,0,1,0,0.370625,0.2625,0.176875,0.455,0.348333,0.7275,0.611667,0.5275
001f2bec02f16977,xclick,/m/01yrx,1,0.63875,0.761875,0.3225,0.703333,0,0,0,1,0,0.71875,0.761875,0.63875,0.660625,0.3225,0.391667,0.5425,0.703333
001f2bec02f16977,xclick,/m/06z37_,1,0.096875,0.53125,0.115833,0.876667,1,0,0,0,0,0.098125,0.53125,0.520625,0.096875,0.115833,0.176667,0.823333,0.876667
001f2bec02f16977,xclick,/m/06z37_,1,0.556875,0.873125,0.193333,0.8375,1,0,0,0,0,0.556875,0.873125,0.573125,0.873125,0.193333,0.763333,0.8375,0.214167
001fe0c4b7e45f02,xclick,/m/015p6,1,0.0,0.418125,0.601667,0.728333,0,1,0,0,0,0.2025,0.0,0.10625,0.418125,0.601667,0.643333,0.728333,0.705
001fe0c4b7e45f02,xclick,/m/015p6,1,0.32125,0.801875,0.0,0.189167,0,1,0,0,0,0.32125,0.78625,0.800625,0.801875,0.189167,0.074167,0.0,0.0
001fe0c4b7e45f02,xclick,/m/015p6,1,0.836875,0.999375,0.735,0.888333,0,1,0,0,0,0.999375,0.836875,0.849375,0.999375,0.735,0.8675,0.888333,0.745833
00202bc00624c1e0,xclick,/m/015p6,1,0.326875,0.999375,0.289077,0.497175,1,1,1,0,0,0.749375,0.999375,0.424375,0.326875,0.289077,0.383239,0.497175,0.421846
00202bc00624c1e0,xclick,/m/015p6,1,0.43,0.4375,0.376648,0.391714,0,0,0,0,0,0.4325,0.4375,0.43625,0.43,0.376648,0.384181,0.391714,0.384181
00202bc00624c1e0,xclick,/m/015p6,1,0.46375,0.47,0.514124,0.522599,0,0,0,0,0,0.4675,0.46375,0.4675,0.47,0.514124,0.520716,0.522599,0.520716
00202bc00624c1e0,xclick,/m/015p6,1,0.849375,0.853125,0.245763,0.256121,0,0,0,0,0,0.853125,0.849375,0.849375,0.853125,0.245763,0.247646,0.256121,0.256121
00202bc00624c1e0,xclick,/m/07j7r,1,0.0,0.083125,0.0,0.29096,1,1,0,0,0,0.044375,0.083125,0.0,0.0,0.0,0.078154,0.29096,0.19209
00202bc00624c1e0,xclick,/m/07j7r,1,0.084375,0.1725,0.064972,0.199623,1,0,0,0,0,0.16375,0.1725,0.1525,0.084375,0.066855,0.144068,0.199623,0.064972
00202bc00624c1e0,xclick,/m/07j7r,1,0.086875,0.194375,0.29096,0.414313,1,0,0,0,0,0.1725,0.194375,0.188125,0.086875,0.29096,0.37194,0.414313,0.327684
00202bc00624c1e0,xclick,/m/07j7r,1,0.165,0.225,0.230697,0.34275,1,0,0,0,0,0.17,0.165,0.198125,0.225,0.230697,0.240113,0.34275,0.298493
00202bc00624c1e0,xclick,/m/07j7r,1,0.20875,0.291875,0.322034,0.431262,0,0,0,0,0,0.240625,0.291875,0.255,0.20875,0.322034,0.379473,0.431262,0.383239
00202bc00624c1e0,xclick,/m/07j7r,1,0.228125,0.340625,0.403013,0.570621,0,0,0,0,0,0.294375,0.228125,0.3225,0.340625,0.403013,0.452919,0.570621,0.493409
00202bc00624c1e0,xclick,/m/07j7r,1,0.296875,0.56375,0.596045,0.999058,1,1,0,0,0,0.4675,0.56375,0.46125,0.296875,0.596045,0.813559,0.999058,0.829567
00202bc00624c1e0,xclick,/m/07j7r,1,0.3275,0.37625,0.454802,0.551789,1,0,0,0,0,0.3575,0.3275,0.343125,0.37625,0.454802,0.462335,0.551789,0.508475
00202bc00624c1e0,xclick,/m/07j7r,1,0.536875,0.609375,0.655367,0.817326,1,0,0,0,0,0.58,0.609375,0.590625,0.536875,0.655367,0.754237,0.817326,0.688324
00202bc00624c1e0,xclick,/m/07j7r,1,0.589375,0.694375,0.754237,0.993409,1,1,0,0,0,0.649375,0.694375,0.67875,0.589375,0.754237,0.885122,0.993409,0.789077
00202bc00624c1e0,xclick,/m/07j7r,1,0.690625,0.78375,0.835217,0.999058,1,1,0,0,0,0.7275,0.78375,0.7725,0.690625,0.835217,0.982109,0.999058,0.904896
00202bc00624c1e0,xclick,/m/07j7r,1,0.78375,0.999375,0.800377,0.999058,1,1,0,0,0,0.910625,0.999375,0.9775,0.78375,0.800377,0.835217,0.999058,0.999058
